MeasurementRun,Coments,BeamSize,AcceleratingVoltage,BeamCurrent,StandardID,n,SiO2,SD_SiO2,RSD_SiO2,TiO2,SD_TiO2,RSD_TiO2,Al2O3,SD_Al2O3,RSD_Al2O3,Fe2O3T,SD_Fe2O3T,FeOT,SD_FeOT,RSD_FeOT,MnO,SD_MnO,RSD_MnO,MgO,SD_MgO,RSD_MgO,CaO,SD_CaO,RSD_CaO,Na2O,SD_Na2O,RSD_Na2O,K2O,SD_K2O,RSD_K2O,P2O5,SD_P2O5,RSD_P2O5,Cl,SD_Cl,RSD_Cl,Total,SD1_Total,Rb,SD_Rb,RSD_Rb,Sr,SD_Sr,RSD_Sr,Y,SD_Y,RSD_Y,Zr,SD_Zr,RSD_Zr,Nb,SD_Nb,RSD_Nb,Cs,SD_Cs,RSD_Cs,Ba,SD_Ba,RSD_Ba,La,SD_La,RSD_La,Ce,SD_Ce,RSD_Ce,Pr,SD_Pr,RSD_Pr,Nd,SD_Nd,RSD_Nd,Sm,SD_Sm,RSD_Sm,Eu,SD_Eu,RSD_Eu,Gd,SD_Gd,RSD_Gd,Tb,SD_Tb,RSD_Tb,Dy,SD_Dy,RSD_Dy,Ho,SD_Ho,RSD_Ho,Er,SD_Er,RSD_Er,Tm,SD_Tm,RSD_Tm,Yb,SD_Yb,RSD_Yb,Lu,SD_Lu,RSD_Lu,Hf,SD_Hf,RSD_Hf,Ta,SD_Ta,RSD_Ta,Pb,SD_Pb,RSD_Pb,Th,SD_Th,RSD_Th,U,SD_U,RSD_U
11112,,10,15,6,ATHO-G,4,75.7534,0.42429769,0.56,0.248075,0.03633349,14.65,12.1717,0.0133109,0.11,,,3.2018,0.18480702,5.77,0.120025,0.04782129,39.84,0.09415,0.01137761,12.08,1.635525,0.04090977,2.5,4.2467,0.02603242,0.61,2.7634,0.07822029,2.83,0.012425,0.00290904,23.41,,,,100.2472,0.62526968,,,,,,,,,,,,,,,,,,,,,,,,,,,,,,,,,,,,,,,,,,,,,,,,,,,,,,,,,,,,,,,,,,,,,,,,,,,,,,
11112,,10,15,6,GOR132-G,4,45.280675,0.29476488,0.65,0.295375,0.02008804,6.8,10.849,0.08593684,0.79,,,10.284275,0.1608244,1.56,0.116625,0.05255266,45.06,22.43415,0.1042414,0.46,8.433925,0.11690276,1.39,0.842075,0.03342209,3.97,0.029925,0.01160557,38.78,0.039075,0.0254555,65.15,,,,98.6051,0.29104365,,,,,,,,,,,,,,,,,,,,,,,,,,,,,,,,,,,,,,,,,,,,,,,,,,,,,,,,,,,,,,,,,,,,,,,,,,,,,,
11112,,10,15,6,KL2-G,4,50.357925,0.46492866,0.92,2.66825,0.05638874,2.11,13.325125,0.03848137,0.29,,,10.89175,0.28652769,2.63,0.2069,0.06145421,29.7,7.3222,0.12406775,1.69,11.00565,0.07306483,0.66,2.262275,0.09737571,4.3,0.491075,0.02483766,5.06,0.247425,0.01471878,5.95,,,,98.778575,0.62711545,,,,,,,,,,,,,,,,,,,,,,,,,,,,,,,,,,,,,,,,,,,,,,,,,,,,,,,,,,,,,,,,,,,,,,,,,,,,,,
11112,,10,15,6,StHs6/80-G,4,63.901475,0.3291264,0.52,0.704775,0.07144837,10.14,17.613025,0.17530068,1,,,4.2639,0.06681981,1.57,0.069725,0.03903087,55.98,1.9483,0.02865903,1.47,5.275175,0.11681944,2.21,4.165075,0.63238852,15.18,1.306875,0.02795441,2.14,0.17215,0.03346067,19.44,,,,99.420475,0.31770104,,,,,,,,,,,,,,,,,,,,,,,,,,,,,,,,,,,,,,,,,,,,,,,,,,,,,,,,,,,,,,,,,,,,,,,,,,,,,,
11112,,10,15,6,T1-G,4,58.18595,0.65388293,1.12,0.733025,0.03880235,5.29,17.1713,0.11494773,0.67,,,6.376575,0.07603286,1.19,0.146575,0.04409364,30.08,3.756825,0.06066978,1.61,7.13925,0.1161436,1.63,3.107425,0.04528586,1.46,2.014,0.04986468,2.48,0.200325,0.00668799,3.34,,,,98.83125,0.80925451,,,,,,,,,,,,,,,,,,,,,,,,,,,,,,,,,,,,,,,,,,,,,,,,,,,,,,,,,,,,,,,,,,,,,,,,,,,,,,
21112,,10,15,6,ATHO-G,13,75.52461538,0.66728873,0.88,0.23826923,0.02167469,9.1,12.22366923,0.15541588,1.27,,,3.34220769,0.09672708,2.89,0.09156154,0.0398371,43.51,0.09444615,0.02156261,22.83,1.64272308,0.04276132,2.6,4.31105385,0.17183587,3.99,2.74936154,0.05860749,2.13,0.02422308,0.01001442,41.34,,,,100.2421308,0.63853316,,,,,,,,,,,,,,,,,,,,,,,,,,,,,,,,,,,,,,,,,,,,,,,,,,,,,,,,,,,,,,,,,,,,,,,,,,,,,,
21112,,10,15,6,GOR132-G,12,46.3178,0.35511718,0.77,0.30475833,0.02635911,8.65,10.92758333,0.1245432,1.14,,,10.22699167,0.19821751,1.94,0.15901667,0.03915215,24.62,22.15708333,0.12131129,0.55,8.43083333,0.08620629,1.02,0.79578333,0.07194039,9.04,0.03044167,0.01285722,42.24,0.025075,0.02739854,109.27,,,,99.37536667,0.43678621,,,,,,,,,,,,,,,,,,,,,,,,,,,,,,,,,,,,,,,,,,,,,,,,,,,,,,,,,,,,,,,,,,,,,,,,,,,,,,
21112,,10,15,6,KL2-G,12,51.18634167,0.26836174,0.52,2.61223333,0.05051211,1.93,13.27954167,0.14983548,1.13,,,10.91995833,0.2480497,2.27,0.16754167,0.05217358,31.14,7.33570833,0.103236,1.41,10.96285833,0.07382342,0.67,2.25309167,0.10095749,4.48,0.49220833,0.02038607,4.14,0.29418333,0.0237234,8.06,,,,99.50366667,0.33749313,,,,,,,,,,,,,,,,,,,,,,,,,,,,,,,,,,,,,,,,,,,,,,,,,,,,,,,,,,,,,,,,,,,,,,,,,,,,,,
21112,,10,15,6,StHs6/80-G,13,64.13736923,0.40292453,0.63,0.71863846,0.04429711,6.16,17.68068462,0.20187989,1.14,,,4.39223077,0.15363215,3.5,0.07856154,0.04752485,60.49,1.96383077,0.03099606,1.58,5.29433077,0.07396627,1.4,4.69537692,0.11887298,2.53,1.30090769,0.03316561,2.55,0.16697692,0.02564518,15.36,,,,100.4289077,0.40858706,,,,,,,,,,,,,,,,,,,,,,,,,,,,,,,,,,,,,,,,,,,,,,,,,,,,,,,,,,,,,,,,,,,,,,,,,,,,,,
21112,,10,15,6,T1-G,12,57.73158333,0.46271193,0.8,0.7697,0.03832464,4.98,17.80163333,0.26791084,1.5,,,6.79979167,0.15972156,2.35,0.12744167,0.046071,36.15,3.93001667,0.06845748,1.74,7.44715833,0.08093161,1.09,3.11955,0.08661897,2.78,1.91474167,0.04370087,2.28,0.21585,0.02854612,13.22,,,,99.85746667,0.32433036,,,,,,,,,,,,,,,,,,,,,,,,,,,,,,,,,,,,,,,,,,,,,,,,,,,,,,,,,,,,,,,,,,,,,,,,,,,,,,
29-Jun-10,,10,15,6,VG-568,40,76.96,0.29,0.38,0.07,0.01,16.37,12.17,0.09,0.74,,,1.08,0.06,5.21,0.02,0.01,60.02,0.03,0.01,35.8,0.45,0.03,6,3.52,0.24,6.89,4.93,0.04,0.89,,,,,,,99.22,0.32,,,,,,,,,,,,,,,,,,,,,,,,,,,,,,,,,,,,,,,,,,,,,,,,,,,,,,,,,,,,,,,,,,,,,,,,,,,,,,
40413,,10,15,6,ATHO-G,7,74.9094875,0.21453349,0.29,0.2458875,0.02910141,11.84,12.2962125,0.11144529,0.91,,,3.3429125,0.1086542,3.25,0.1039625,0.04347277,41.82,0.103275,0.03125467,30.26,1.6944,0.06434258,3.8,4.24605,0.12478518,2.94,2.6386625,0.03946151,1.5,0.0191375,0.02747526,143.57,,,,99.6437125,0.42634728,,,,,,,,,,,,,,,,,,,,,,,,,,,,,,,,,,,,,,,,,,,,,,,,,,,,,,,,,,,,,,,,,,,,,,,,,,,,,,
40413,,10,15,6,StHs6/80-G,6,63.2578,0.24187602,0.38,0.6744,0.02324536,3.45,17.61651667,0.07923225,0.45,,,4.46826667,0.17008681,3.81,0.06701667,0.03062739,45.7,1.95116667,0.01766932,0.91,5.1387,0.04146441,0.81,4.68011667,0.14740559,3.15,1.28256667,0.03737856,2.91,0.15411667,0.01516198,9.84,,,,99.30198333,0.18214938,,,,,,,,,,,,,,,,,,,,,,,,,,,,,,,,,,,,,,,,,,,,,,,,,,,,,,,,,,,,,,,,,,,,,,,,,,,,,,
40413,,10,15,6,T1-G,5,58.47886,0.18075538,0.31,0.7521,0.05398463,7.18,17.21074,0.0636833,0.37,,,6.50066,0.16206608,2.49,0.14824,0.0375253,25.31,3.76506,0.07289995,1.94,6.7694,0.06545025,0.97,3.2083,0.13072936,4.07,1.96032,0.0398097,2.03,0.18486,0.01819706,9.84,,,,98.99832,0.29390395,,,,,,,,,,,,,,,,,,,,,,,,,,,,,,,,,,,,,,,,,,,,,,,,,,,,,,,,,,,,,,,,,,,,,,,,,,,,,,
19-May-11,,10,15,6,VG-568,24,76.93,0.55,0.72,0.07,0.01,14.39,12.17,0.09,0.77,,,1.08,0.05,4.17,0.03,0.01,31.21,0.02,0.02,75.71,0.45,0.03,5.74,3.52,0.07,1.92,4.93,0.05,0.94,,,,,,,99.21,0.55,,,,,,,,,,,,,,,,,,,,,,,,,,,,,,,,,,,,,,,,,,,,,,,,,,,,,,,,,,,,,,,,,,,,,,,,,,,,,,
40917,,10,15,6,GOR132-G,14,45.9537,0.2012,0.44,0.2824,0.0323,11.44,9.8777,0.1729,1.75,,,9.75,0.2025,2.08,0.1526,0.0493,32.31,25.968,0.1477,0.57,6.1641,0.0757,1.23,0.592,0.0727,12.28,0.0448,0.0129,28.79,0.0341,0.0207,60.7,,,,98.82682143,0.41068213,,,,,,,,,,,,,,,,,,,,,,,,,,,,,,,,,,,,,,,,,,,,,,,,,,,,,,,,,,,,,,,,,,,,,,,,,,,,,,
40917,,10,15,6,KL2-G,14,50.0995,0.2051,0.41,2.5966,0.0853,3.29,13.2891,0.2264,1.7,,,10.865,0.2158,1.99,0.1636,0.0346,21.15,7.2795,0.0913,1.25,10.978,0.0978,0.89,2.2141,0.0725,3.27,0.4829,0.0179,3.71,0.2627,0.0218,8.3,,,,98.23650714,0.561903966,,,,,,,,,,,,,,,,,,,,,,,,,,,,,,,,,,,,,,,,,,,,,,,,,,,,,,,,,,,,,,,,,,,,,,,,,,,,,,
40917,,10,15,6,StHs6/80-G,14,63.519,0.2398,0.38,0.6953,0.0386,5.55,17.6395,0.303,1.72,,,4.3343,0.1629,3.76,0.0657,0.0308,46.88,1.9595,0.0571,2.91,5.2146,0.0688,1.32,4.5797,0.1744,3.81,1.3179,0.0507,3.85,0.1246,0.0332,26.65,,,,99.45510714,0.42363137,,,,,,,,,,,,,,,,,,,,,,,,,,,,,,,,,,,,,,,,,,,,,,,,,,,,,,,,,,,,,,,,,,,,,,,,,,,,,,
26-Jun-12,,20-Oct,15,8,VG-568,28,76.96,0.38,0.49,0.05,0.03,50.72,12.17,0.09,0.73,,,1.08,0.14,13.13,0,0,0,0.01,0.01,98,0.45,0.05,11.53,3.52,0.19,5.38,4.93,0.07,1.34,,,,,,,97.56,0.46,,,,,,,,,,,,,,,,,,,,,,,,,,,,,,,,,,,,,,,,,,,,,,,,,,,,,,,,,,,,,,,,,,,,,,,,,,,,,,
12-Sep-14,,20-Oct,15,8,ATHO-G,69,75.63,0.38,0.5,0.26,0.02,6.67,12.2,0.09,0.75,,,3.27,0.09,2.76,0.11,0.02,21.65,0.1,0.01,13.35,1.7,0.05,3.11,3.73,0.37,10.05,2.64,0.06,2.32,,,,,,,99.68,0.38,,,,,,,,,,,,,,,,,,,,,,,,,,,,,,,,,,,,,,,,,,,,,,,,,,,,,,,,,,,,,,,,,,,,,,,,,,,,,,
26-Mar-15,,20-Oct,15,8,VG-568,10,76.92,0.23,0.3,0.08,0.02,22.1,12.17,0.08,0.66,,,1.08,0.12,11.07,0.02,0.02,115.93,0.02,0.01,63.45,0.45,0.02,4.44,3.52,0.26,7.39,4.93,0.08,1.62,,,,,,,99.26,0.25,,,,,,,,,,,,,,,,,,,,,,,,,,,,,,,,,,,,,,,,,,,,,,,,,,,,,,,,,,,,,,,,,,,,,,,,,,,,,,
8-May-15,,20-Oct,15,8,ATHO-G,120,75.57,0.34,0.45,0.26,0.02,6.8,12.21,0.09,0.77,,,3.29,0.12,3.64,0.11,0.02,21.54,0.1,0.01,12.58,1.72,0.03,2.03,3.73,0.31,8.43,2.64,0.06,2.31,,,,,,,99.66,0.52,,,,,,,,,,,,,,,,,,,,,,,,,,,,,,,,,,,,,,,,,,,,,,,,,,,,,,,,,,,,,,,,,,,,,,,,,,,,,,
31-Oct-15,,20-Oct,15,8,ATHO-G,24,75.59,0.2,0.26,0.26,0.04,16.21,12.2,0.07,0.57,,,3.19,0.32,10.11,0.1,0.03,34.24,0.1,0.01,12.4,1.7,0.04,2.53,3.7,0.23,6.3,2.63,0.12,4.38,,,,,,,97.48,0.43,,,,,,,,,,,,,,,,,,,,,,,,,,,,,,,,,,,,,,,,,,,,,,,,,,,,,,,,,,,,,,,,,,,,,,,,,,,,,,
50318,,10,15,6,ATHO-G,13,75.0318,0.3761,0.5,0.2508,0.0354,14.11,12.3392,0.1092,0.88,,,3.3106,0.0803,2.43,0.1043,0.0331,31.74,0.099,0.0135,13.64,1.7106,0.0452,2.64,4.1908,0.1552,3.7,2.7261,0.0451,1.65,0.0191,0.0192,100.52,,,,99.81544615,0.33031224,,,,,,,,,,,,,,,,,,,,,,,,,,,,,,,,,,,,,,,,,,,,,,,,,,,,,,,,,,,,,,,,,,,,,,,,,,,,,,
50318,,10,15,6,StHs6/80-G,13,63.2994,0.509,0.8,0.705,0.0494,7.01,17.7059,0.283,1.6,,,4.3921,0.1388,3.16,0.0855,0.0327,38.25,1.9752,0.0313,1.58,5.3144,0.061,1.15,4.6119,0.0926,2.01,1.2985,0.0323,2.49,0.1538,0.0353,22.95,,,,99.55317692,0.44604859,,,,,,,,,,,,,,,,,,,,,,,,,,,,,,,,,,,,,,,,,,,,,,,,,,,,,,,,,,,,,,,,,,,,,,,,,,,,,,
50413,,10,15,6,ATHO-G,5,74.73658,0.24933248,0.33,0.25424,0.03168474,12.46,12.2625,0.0960483,0.78,,,3.28588,0.11989861,3.65,0.09318,0.0382016,41,0.08994,0.0173883,19.33,1.6948,0.02412975,1.42,4.2517,0.14084365,3.31,2.652,0.04200744,1.58,0.0257,0.01740833,67.74,,,,99.38788,0.47746667,,,,,,,,,,,,,,,,,,,,,,,,,,,,,,,,,,,,,,,,,,,,,,,,,,,,,,,,,,,,,,,,,,,,,,,,,,,,,,
50413,,10,15,6,KL2-G,5,50.2206,0.17607189,0.35,2.61712,0.08418475,3.22,13.4505,0.05499782,0.41,,,11.1633,0.06867365,0.62,0.20826,0.03577503,17.18,7.36768,0.03712071,0.5,10.58646,0.13437787,1.27,2.29772,0.11304962,4.92,0.48114,0.02635305,5.48,0.24062,0.01752932,7.29,,,,98.64208,0.33606419,,,,,,,,,,,,,,,,,,,,,,,,,,,,,,,,,,,,,,,,,,,,,,,,,,,,,,,,,,,,,,,,,,,,,,,,,,,,,,
50413,,10,15,6,StHs6/80-G,6,63.10915,0.30057622,0.48,0.7302,0.03102715,4.25,17.61508333,0.1260241,0.72,,,4.35995,0.17045509,3.91,0.08901667,0.02222309,24.97,1.97518333,0.02682636,1.36,5.15471667,0.08239926,1.6,4.75961667,0.16259734,3.42,1.29911667,0.05060764,3.9,0.15016667,0.02454112,16.34,,,,99.29758,0.60566768,,,,,,,,,,,,,,,,,,,,,,,,,,,,,,,,,,,,,,,,,,,,,,,,,,,,,,,,,,,,,,,,,,,,,,,,,,,,,,
50413,,10,15,6,T1-G,7,58.30234286,0.20532171,0.35,0.75292857,0.02358387,3.13,17.05808571,0.07113179,0.42,,,6.53207143,0.10053611,1.54,0.1307,0.03122419,23.89,3.72645714,0.09675555,2.6,6.85538571,0.10246875,1.49,3.16102857,0.14264051,4.51,1.99147143,0.05632897,2.83,0.18577143,0.01749235,9.42,,,,98.57308,0.49126246,,,,,,,,,,,,,,,,,,,,,,,,,,,,,,,,,,,,,,,,,,,,,,,,,,,,,,,,,,,,,,,,,,,,,,,,,,,,,,
50717,,10,15,6,ATHO-G,13,75.4357,0.5136,0.68,0.2571,0.0244,9.49,12.1973,0.1348,1.11,,,3.1638,0.0986,3.12,0.1213,0.0386,31.82,0.0937,0.0192,20.49,1.6683,0.0368,2.21,4.1312,0.1767,4.28,2.6981,0.0648,2.4,0.0235,0.0237,100.85,,,,99.82558462,0.36696006,,,,,,,,,,,,,,,,,,,,,,,,,,,,,,,,,,,,,,,,,,,,,,,,,,,,,,,,,,,,,,,,,,,,,,,,,,,,,,
50717,,10,15,6,GOR132-G,12,45.6699,0.1873,0.41,0.2968,0.0272,9.16,10.7666,0.1259,1.17,,,10.0618,0.1755,1.74,0.1442,0.0353,24.48,22.0919,0.1157,0.52,8.431,0.074,0.88,0.7922,0.0627,7.91,0.0322,0.0185,57.45,0.0539,0.0197,36.55,,,,98.34395833,0.21754263,,,,,,,,,,,,,,,,,,,,,,,,,,,,,,,,,,,,,,,,,,,,,,,,,,,,,,,,,,,,,,,,,,,,,,,,,,,,,,
50717,,10,15,6,StHs6/80-G,13,63.6481,0.2387,0.38,0.6868,0.0394,5.74,17.4416,0.2713,1.56,,,4.3651,0.119,2.73,0.0647,0.0323,49.92,1.9565,0.0369,1.89,5.2277,0.0597,1.14,4.6129,0.1871,4.06,1.3014,0.034,2.61,0.1677,0.0224,13.36,,,,99.48372308,0.44330872,,,,,,,,,,,,,,,,,,,,,,,,,,,,,,,,,,,,,,,,,,,,,,,,,,,,,,,,,,,,,,,,,,,,,,,,,,,,,,
61112,,10,15,6,ATHO-G,3,74.3931,0.13248592,0.18,0.23963333,0.01866181,7.79,12.21066667,0.05688737,0.47,,,3.3011,0.11622474,3.52,0.10013333,0.02907668,29.04,0.10456667,0.01040064,9.95,1.68843333,0.0275939,1.63,4.4811,0.13828796,3.09,2.70133333,0.06504309,2.41,0.00856667,0.0148379,173.21,,,,99.22863333,0.36079213,,,,,,,,,,,,,,,,,,,,,,,,,,,,,,,,,,,,,,,,,,,,,,,,,,,,,,,,,,,,,,,,,,,,,,,,,,,,,,
61112,,10,15,6,GOR132-G,4,45.1967,0.202613,0.45,0.274625,0.01833419,6.68,11.037725,0.02391964,0.22,,,10.07145,0.1352012,1.34,0.1935,0.0226498,11.71,22.292725,0.04708194,0.21,8.429,0.11556329,1.37,0.83335,0.03786419,4.54,0.031025,0.00455805,14.69,0.0384,0.01680615,43.77,,,,98.3985,0.2505397,,,,,,,,,,,,,,,,,,,,,,,,,,,,,,,,,,,,,,,,,,,,,,,,,,,,,,,,,,,,,,,,,,,,,,,,,,,,,,
61112,,10,15,6,KL2-G,3,49.81656667,0.19336883,0.39,2.57163333,0.06088886,2.37,13.43833333,0.02816742,0.21,,,10.55956667,0.1509406,1.43,0.16076667,0.04836903,30.09,7.21776667,0.05654134,0.78,11.0086,0.16828871,1.53,2.29233333,0.10279039,4.48,0.50683333,0.03582964,7.07,0.25433333,0.0113694,4.47,,,,97.82673333,0.00382797,,,,,,,,,,,,,,,,,,,,,,,,,,,,,,,,,,,,,,,,,,,,,,,,,,,,,,,,,,,,,,,,,,,,,,,,,,,,,,
61112,,10,15,6,StHs6/80-G,3,62.90793333,0.09315612,0.15,0.6785,0.02677816,3.95,17.74766667,0.07202009,0.41,,,4.26986667,0.1578894,3.7,0.0682,0.04495909,65.92,1.9573,0.05021285,2.57,5.26416667,0.023624,0.45,4.64816667,0.11530509,2.48,1.28473333,0.00620833,0.48,0.13283333,0.03995552,30.08,,,,98.95936667,0.17143618,,,,,,,,,,,,,,,,,,,,,,,,,,,,,,,,,,,,,,,,,,,,,,,,,,,,,,,,,,,,,,,,,,,,,,,,,,,,,,
61112,,10,15,6,T1-G,4,56.26985,0.18065799,0.32,0.781275,0.03213382,4.11,17.99535,0.08382022,0.47,,,6.66205,0.09958398,1.49,0.1772,0.05613151,31.68,3.9643,0.0931012,2.35,7.43505,0.04824966,0.65,3.127,0.01489586,0.48,1.92895,0.03447845,1.79,0.21155,0.03281996,15.51,,,,98.552575,0.0409491,,,,,,,,,,,,,,,,,,,,,,,,,,,,,,,,,,,,,,,,,,,,,,,,,,,,,,,,,,,,,,,,,,,,,,,,,,,,,,
80713,,10,15,6,ATHO-G,4,75.4386,0.38049166,0.5,0.23635,0.01753558,7.42,12.342425,0.12633821,1.02,,,3.2788,0.05396598,1.65,0.110075,0.01913764,17.39,0.0822,0.01569862,19.1,1.6846,0.08131544,4.83,4.113625,0.21881047,5.32,2.73295,0.06700311,2.45,0.007075,0.0055626,78.62,,,,100.0267,0.42246938,,,,,,,,,,,,,,,,,,,,,,,,,,,,,,,,,,,,,,,,,,,,,,,,,,,,,,,,,,,,,,,,,,,,,,,,,,,,,,
80713,,10,15,6,KL2-G,4,50.26,0.17,0.33,2.59,0.07,2.78,13.38,0.18,1.33,,,10.83,0.16,1.45,0.15,0.03,18.26,7.18,0.04,0.5,11.06,0.06,0.54,2.22,0.07,2.95,0.51,0.02,4.18,0.28,0.02,8.64,,,,98.46,0.34,,,,,,,,,,,,,,,,,,,,,,,,,,,,,,,,,,,,,,,,,,,,,,,,,,,,,,,,,,,,,,,,,,,,,,,,,,,,,,
80713,,10,15,6,StHs6/80-G,4,63.459175,0.09022843,0.14,0.72025,0.02898994,4.02,17.800375,0.19657681,1.1,,,4.437775,0.1110376,2.5,0.09305,0.02844416,30.57,1.922925,0.04848508,2.52,5.24065,0.04928506,0.94,4.516425,0.08250707,1.83,1.31895,0.02793522,2.12,0.1761,0.03771799,21.42,,,,99.685675,0.18415091,,,,,,,,,,,,,,,,,,,,,,,,,,,,,,,,,,,,,,,,,,,,,,,,,,,,,,,,,,,,,,,,,,,,,,,,,,,,,,
80713,,10,15,6,T1-G,4,56.784275,0.33256008,0.59,0.75445,0.02483405,3.29,17.923725,0.37180893,2.07,,,6.809275,0.15986103,2.35,0.163025,0.02794535,17.14,3.813725,0.0119684,0.31,7.41875,0.11014368,1.48,2.9106,0.14492798,4.98,1.90135,0.05691306,2.99,0.208925,0.01812372,8.67,,,,98.6881,0.90828772,,,,,,,,,,,,,,,,,,,,,,,,,,,,,,,,,,,,,,,,,,,,,,,,,,,,,,,,,,,,,,,,,,,,,,,,,,,,,,
80917,,10,15,6,GOR132-G,11,45.9658,0.1526,0.33,0.2714,0.0319,11.75,9.8671,0.1768,1.79,,,9.6928,0.2061,2.13,0.1967,0.0437,22.22,25.822,0.2162,0.84,6.1906,0.0748,1.21,0.5288,0.046,8.7,0.0301,0.013,43.19,0.0234,0.014,59.83,,,,98.59133636,0.49950405,,,,,,,,,,,,,,,,,,,,,,,,,,,,,,,,,,,,,,,,,,,,,,,,,,,,,,,,,,,,,,,,,,,,,,,,,,,,,,
80917,,10,15,6,KL2-G,11,50.17,0.2165,0.43,2.5905,0.0651,2.51,13.4218,0.26,1.94,,,10.901,0.2296,2.11,0.1718,0.0514,29.92,7.2747,0.107,1.47,10.9814,0.0914,0.83,2.2605,0.1,4.42,0.49,0.0157,3.2,0.2658,0.0265,9.97,,,,98.53337273,0.47569316,,,,,,,,,,,,,,,,,,,,,,,,,,,,,,,,,,,,,,,,,,,,,,,,,,,,,,,,,,,,,,,,,,,,,,,,,,,,,,
80917,,10,15,6,StHs6/80-G,11,63.3195,0.3159,0.5,0.7069,0.0469,6.63,17.4832,0.3015,1.72,,,4.4293,0.1253,2.83,0.0656,0.0625,95.27,1.9449,0.0447,2.3,5.2087,0.078,1.5,4.6098,0.0965,2.09,1.2917,0.0407,3.15,0.1152,0.0297,25.78,,,,99.17909091,0.43425545,,,,,,,,,,,,,,,,,,,,,,,,,,,,,,,,,,,,,,,,,,,,,,,,,,,,,,,,,,,,,,,,,,,,,,,,,,,,,,
81112,,10,15,6,ATHO-G,4,74.2194,0.17714602,0.24,0.2741,0.03268771,11.93,12.2084,0.10204022,0.84,,,3.262625,0.04430353,1.36,0.0881,0.03141433,35.66,0.1055,0.00456582,4.33,1.670775,0.06223265,3.72,4.388825,0.15911615,3.63,2.770675,0.05455654,1.97,0.01685,0.01343763,79.75,,,,99.00525,0.17453692,,,,,,,,,,,,,,,,,,,,,,,,,,,,,,,,,,,,,,,,,,,,,,,,,,,,,,,,,,,,,,,,,,,,,,,,,,,,,,
81112,,10,15,6,GOR132-G,3,45.3009,0.07969749,0.18,0.2895,0.01552321,5.36,10.91023333,0.08707102,0.8,,,9.92236667,0.27987251,2.82,0.15516667,0.03556464,22.92,22.36693333,0.05518191,0.25,8.4483,0.18175184,2.15,0.69293333,0.04809806,6.94,0.0259,0.00578878,22.35,0.04513333,0.00587566,13.02,,,,98.15736667,0.37197815,,,,,,,,,,,,,,,,,,,,,,,,,,,,,,,,,,,,,,,,,,,,,,,,,,,,,,,,,,,,,,,,,,,,,,,,,,,,,,
81112,,10,15,6,KL2-G,4,49.883225,0.25675939,0.51,2.665525,0.06853502,2.57,13.3958,0.01508134,0.11,,,10.670575,0.15382653,1.44,0.184925,0.05525845,29.88,7.208775,0.12399818,1.72,10.9063,0.11202672,1.03,2.33925,0.08019645,3.43,0.4805,0.03437179,7.15,0.265775,0.01764641,6.64,,,,98.00065,0.48170974,,,,,,,,,,,,,,,,,,,,,,,,,,,,,,,,,,,,,,,,,,,,,,,,,,,,,,,,,,,,,,,,,,,,,,,,,,,,,,
81112,,10,15,6,StHs6/80-G,4,62.766675,0.0647395,0.1,0.7051,0.02815019,3.99,17.740225,0.12133305,0.68,,,4.274,0.12871439,3.01,0.071325,0.03348685,46.95,1.9707,0.03113337,1.58,5.246075,0.10351014,1.97,4.701675,0.2096639,4.46,1.290275,0.03645997,2.83,0.134875,0.01444239,10.71,,,,98.900925,0.49724545,,,,,,,,,,,,,,,,,,,,,,,,,,,,,,,,,,,,,,,,,,,,,,,,,,,,,,,,,,,,,,,,,,,,,,,,,,,,,,
81112,,10,15,6,T1-G,3,56.1486,0.18657974,0.33,0.76126667,0.04206499,5.53,17.90523333,0.18158613,1.01,,,6.79673333,0.17449574,2.57,0.16793333,0.0168613,10.04,3.9365,0.09089422,2.31,7.50266667,0.10213777,1.36,3.13326667,0.01409302,0.45,1.8789,0.0453342,2.41,0.21143333,0.03928617,18.58,,,,98.44253333,0.5414337,,,,,,,,,,,,,,,,,,,,,,,,,,,,,,,,,,,,,,,,,,,,,,,,,,,,,,,,,,,,,,,,,,,,,,,,,,,,,,
100415,,10,15,6,ATHO-G,18,74.91,0.43,0.57,0.26,0.02,9.09,12.2,0.12,0.94,,,3.25,0.09,2.77,0.11,0.03,27.2,0.08,0.03,35.42,1.67,0.05,3.09,4.26,0.14,3.17,2.75,0.04,1.61,0.03,0.02,78.7,,,,99.52,0.53,,,,,,,,,,,,,,,,,,,,,,,,,,,,,,,,,,,,,,,,,,,,,,,,,,,,,,,,,,,,,,,,,,,,,,,,,,,,,,
100415,,10,15,6,ML3B-G,17,51.46,0.16,0.31,2.17,0.06,2.65,13.69,0.12,0.89,,,11.15,0.14,1.3,0.16,0.04,24.9,6.74,0.07,1.07,10.5,0.09,0.89,2.34,0.12,5.21,0.38,0.03,7.08,0.24,0.03,11.47,,,,98.83,0.3,,,,,,,,,,,,,,,,,,,,,,,,,,,,,,,,,,,,,,,,,,,,,,,,,,,,,,,,,,,,,,,,,,,,,,,,,,,,,,
100415,,10,15,6,StHs6/80-G,18,63.08,0.28,0.45,0.72,0.04,5.25,17.57,0.16,0.93,,,4.45,0.13,2.94,0.07,0.03,41.73,1.99,0.06,2.78,5.31,0.08,1.55,4.56,0.14,2.99,1.3,0.05,3.89,0.15,0.01,9.21,,,,99.2,0.51,,,,,,,,,,,,,,,,,,,,,,,,,,,,,,,,,,,,,,,,,,,,,,,,,,,,,,,,,,,,,,,,,,,,,,,,,,,,,,
100713,,10,15,6,ATHO-G,6,75.48293333,0.18470976,0.24,0.25023333,0.01218042,4.87,12.40908333,0.11891872,0.96,,,3.30513333,0.15082294,4.56,0.08903333,0.03458628,38.85,0.09306667,0.0118928,12.78,1.6918,0.0306782,1.81,3.95595,0.11793954,2.98,2.72181667,0.05463931,2.01,0.01701667,0.00913158,53.66,,,,100.00118,0.17089623,,,,,,,,,,,,,,,,,,,,,,,,,,,,,,,,,,,,,,,,,,,,,,,,,,,,,,,,,,,,,,,,,,,,,,,,,,,,,,
100713,,10,15,6,KL2-G,6,50.09251667,0.43119557,0.86,2.66553333,0.0742549,2.79,13.24783333,0.15068811,1.14,,,11.03011667,0.23129003,2.1,0.17823333,0.03203902,17.98,7.22365,0.08597229,1.19,11.01566667,0.07628781,0.69,2.21293333,0.07480456,3.38,0.49506667,0.02679856,5.41,0.274,0.01170453,4.27,,,,98.61606,0.83546227,,,,,,,,,,,,,,,,,,,,,,,,,,,,,,,,,,,,,,,,,,,,,,,,,,,,,,,,,,,,,,,,,,,,,,,,,,,,,,
100713,,10,15,6,StHs6/80-G,7,63.65854286,0.25326817,0.4,0.69458571,0.04923689,7.09,17.71137143,0.13688847,0.77,,,4.37354286,0.10855593,2.48,0.07225714,0.02860168,39.58,1.93695714,0.02920764,1.51,5.32787143,0.08225731,1.54,4.4324,0.144005,3.25,1.32622857,0.03545122,2.67,0.1547,0.01057828,6.84,,,,99.72964,0.29269458,,,,,,,,,,,,,,,,,,,,,,,,,,,,,,,,,,,,,,,,,,,,,,,,,,,,,,,,,,,,,,,,,,,,,,,,,,,,,,
100713,,10,15,6,T1-G,6,56.94613333,0.31367104,0.55,0.80426667,0.03397362,4.22,18.05748333,0.19707843,1.09,,,6.80133333,0.15853207,2.33,0.1354,0.02293452,16.94,3.87833333,0.03535436,0.91,7.48276667,0.09848272,1.32,3.03366667,0.11809374,3.89,1.90718333,0.04471337,2.34,0.20278333,0.01702074,8.39,,,,99.28352,0.54037783,,,,,,,,,,,,,,,,,,,,,,,,,,,,,,,,,,,,,,,,,,,,,,,,,,,,,,,,,,,,,,,,,,,,,,,,,,,,,,
100912,,10,15,6,ATHO-G,5,75.33524,0.21156783,0.28,0.24066,0.03956018,16.44,12.27026,0.11874196,0.97,,,3.29,0.06658269,2.02,0.11942,0.05853296,49.01,0.09262,0.02066257,22.31,1.7053,0.04255109,2.5,4.09042,0.12985491,3.17,2.72306,0.04922208,1.81,0.023,0.02181983,94.87,,,,99.88998,0.33724289,,,,,,,,,,,,,,,,,,,,,,,,,,,,,,,,,,,,,,,,,,,,,,,,,,,,,,,,,,,,,,,,,,,,,,,,,,,,,,
100912,,10,15,6,KL2-G,5,49.93118,0.29327065,0.59,2.6003,0.05926901,2.28,13.18386,0.17957817,1.36,,,10.83474,0.29842663,2.75,0.13096,0.02588335,19.76,7.2491,0.08876049,1.22,11.0197,0.07064659,0.64,2.31162,0.06577607,2.85,0.48934,0.03638919,7.44,0.2173,0.02311926,10.64,,,,97.9681,0.43020693,,,,,,,,,,,,,,,,,,,,,,,,,,,,,,,,,,,,,,,,,,,,,,,,,,,,,,,,,,,,,,,,,,,,,,,,,,,,,,
100912,,10,15,6,ML3B-G,5,51.9605,0.16619084,0.32,2.1237,0.08639476,4.07,13.7987,0.12093385,0.88,,,10.92244,0.19030966,1.74,0.15682,0.04567053,29.12,6.53034,0.03100481,0.47,10.34898,0.05333439,0.52,2.28866,0.07520049,3.29,0.39392,0.02649815,6.73,0.20778,0.01426559,6.87,,,,98.73184,0.29613456,,,,,,,,,,,,,,,,,,,,,,,,,,,,,,,,,,,,,,,,,,,,,,,,,,,,,,,,,,,,,,,,,,,,,,,,,,,,,,
100912,,10,15,6,StHs6/80-G,5,63.55306,0.18918304,0.3,0.7002,0.05573742,7.96,17.4829,0.16842429,0.96,,,4.40048,0.13337568,3.03,0.07156,0.0461747,64.53,1.97974,0.03629377,1.83,5.1711,0.09182102,1.78,4.64154,0.13407559,2.89,1.3086,0.04386268,3.35,0.08212,0.0370759,45.15,,,,99.3913,0.40450642,,,,,,,,,,,,,,,,,,,,,,,,,,,,,,,,,,,,,,,,,,,,,,,,,,,,,,,,,,,,,,,,,,,,,,,,,,,,,,
120713,,10,15,6,ATHO-G,7,75.3163,0.20007101,0.27,0.25217143,0.02571262,10.2,12.37018571,0.11457257,0.93,,,3.31787143,0.16100068,4.85,0.10404286,0.0283684,27.27,0.09705714,0.01683438,17.34,1.74454286,0.03411793,1.96,4.04544286,0.14619412,3.61,2.72897143,0.07346398,2.69,0.02282857,0.01343636,58.86,,,,99.97524,0.17091075,,,,,,,,,,,,,,,,,,,,,,,,,,,,,,,,,,,,,,,,,,,,,,,,,,,,,,,,,,,,,,,,,,,,,,,,,,,,,,
120713,,10,15,6,KL2-G,4,50.106775,0.12629387,0.25,2.587025,0.04054671,1.57,13.270375,0.18453053,1.39,,,10.7996,0.18490917,1.71,0.135975,0.03858811,28.38,7.1518,0.05319969,0.74,11.00555,0.11270331,1.02,2.1917,0.05630121,2.57,0.497925,0.03291792,6.61,0.26,0.01289367,4.96,,,,98.006725,0.24456326,,,,,,,,,,,,,,,,,,,,,,,,,,,,,,,,,,,,,,,,,,,,,,,,,,,,,,,,,,,,,,,,,,,,,,,,,,,,,,
120713,,10,15,6,ML3B-G,4,51.09,0.17,0.34,2.14,0.04,1.67,13.42,0.16,1.16,,,11.14,0.08,0.75,0.21,0.04,20.3,6.55,0.07,1.11,10.36,0.07,0.69,2.38,0.15,6.42,0.38,0.03,6.74,0.24,0.02,7.48,,,,98.53,0.13,,,,,,,,,,,,,,,,,,,,,,,,,,,,,,,,,,,,,,,,,,,,,,,,,,,,,,,,,,,,,,,,,,,,,,,,,,,,,,
120713,,10,15,6,StHs6/80-G,7,63.17491429,0.25821491,0.41,0.73862857,0.04354774,5.9,17.59002857,0.10318333,0.59,,,4.39208571,0.18522844,4.22,0.05648571,0.01823462,32.28,1.9455,0.02318117,1.19,5.30354286,0.05747387,1.08,4.5998,0.33960804,7.38,1.28532857,0.03606858,2.81,0.17804286,0.01265581,7.11,,,,99.1042,0.7590107,,,,,,,,,,,,,,,,,,,,,,,,,,,,,,,,,,,,,,,,,,,,,,,,,,,,,,,,,,,,,,,,,,,,,,,,,,,,,,
120713,,10,15,6,T1-G,4,58.619975,0.10868368,0.19,0.730525,0.03359468,4.6,17.2694,0.21104379,1.22,,,6.4981,0.10120926,1.56,0.13565,0.02123087,15.65,3.7582,0.04327008,1.15,7.0731,0.07504012,1.06,3.13445,0.04337668,1.38,2.026325,0.04515797,2.23,0.187475,0.01595982,8.51,,,,99.4332,0.25863996,,,,,,,,,,,,,,,,,,,,,,,,,,,,,,,,,,,,,,,,,,,,,,,,,,,,,,,,,,,,,,,,,,,,,,,,,,,,,,
130415,,10,15,6,ATHO-G,15,75.21,0.32,0.43,0.26,0.03,10.85,12.1,0.24,1.98,,,3.22,0.13,3.98,0.11,0.03,27.2,0.08,0.04,45.06,1.67,0.05,3.16,4.18,0.22,5.28,2.71,0.05,2.01,0.02,0.02,108.06,,,,99.55,0.31,,,,,,,,,,,,,,,,,,,,,,,,,,,,,,,,,,,,,,,,,,,,,,,,,,,,,,,,,,,,,,,,,,,,,,,,,,,,,,
130415,,10,15,6,ML3B-G,15,51.42,0.13,0.25,2.11,0.07,3.09,13.42,0.24,1.79,,,11.08,0.2,1.83,0.18,0.03,19.45,6.71,0.09,1.4,10.43,0.11,1.06,2.39,0.11,4.46,0.38,0.03,7.86,0.24,0.02,10.48,,,,98.35,0.36,,,,,,,,,,,,,,,,,,,,,,,,,,,,,,,,,,,,,,,,,,,,,,,,,,,,,,,,,,,,,,,,,,,,,,,,,,,,,,
130415,,10,15,6,StHs6/80-G,15,63.34,0.3,0.47,0.71,0.04,6.08,17.3,0.49,2.83,,,4.43,0.14,3.23,0.07,0.03,41.55,1.99,0.07,3.52,5.2,0.05,0.89,4.55,0.15,3.32,1.3,0.04,2.85,0.15,0.03,19.26,,,,99.06,0.66,,,,,,,,,,,,,,,,,,,,,,,,,,,,,,,,,,,,,,,,,,,,,,,,,,,,,,,,,,,,,,,,,,,,,,,,,,,,,,
131213,,10,15,6,ATHO-G,20,74.706655,0.93061307,1.25,0.248355,0.03592943,14.47,12.093725,0.1932904,1.6,,,3.204505,0.11214352,3.5,0.102545,0.03733743,36.41,0.086865,0.02202205,25.35,1.665065,0.0401435,2.41,4.188805,0.11362667,2.71,2.754605,0.04255534,1.54,0.024225,0.01334284,55.08,,,,99.07535,1.176842,,,,,,,,,,,,,,,,,,,,,,,,,,,,,,,,,,,,,,,,,,,,,,,,,,,,,,,,,,,,,,,,,,,,,,,,,,,,,,
131213,,10,15,6,GOR132-G,9,45.44493333,0.34336025,0.76,0.31031111,0.02429627,7.83,10.92587778,0.13055609,1.19,,,10.30086667,0.20043263,1.95,0.1511,0.03762997,24.9,22.29718889,0.21085595,0.95,8.56574444,0.06734061,0.79,0.79443333,0.04628998,5.83,0.03275556,0.01496455,45.69,0.02178889,0.01110838,50.98,,,,98.845,0.45546194,,,,,,,,,,,,,,,,,,,,,,,,,,,,,,,,,,,,,,,,,,,,,,,,,,,,,,,,,,,,,,,,,,,,,,,,,,,,,,
131213,,10,15,6,ML3B-G,19,51.07415263,0.57828422,1.13,2.14046842,0.0531517,2.48,13.48526842,0.21797864,1.62,,,11.06788421,0.20433026,1.85,0.18143684,0.04261249,23.49,6.59593684,0.06206828,0.94,10.53212632,0.08725427,0.83,2.26953684,0.09566609,4.22,0.40008947,0.02265956,5.66,0.21921579,0.0199647,9.11,,,,97.96611579,0.71387796,,,,,,,,,,,,,,,,,,,,,,,,,,,,,,,,,,,,,,,,,,,,,,,,,,,,,,,,,,,,,,,,,,,,,,,,,,,,,,
131213,,10,15,6,StHs6/80-G,20,63.238735,0.61112057,0.97,0.70188,0.03092949,4.41,17.477965,0.18816974,1.08,,,4.35637,0.13733893,3.15,0.07836,0.03474371,44.34,1.951975,0.04888278,2.5,5.27185,0.09096249,1.73,4.45634,0.15119048,3.39,1.32927,0.03987256,3,0.12202,0.02233738,18.31,,,,98.984765,0.71444483,,,,,,,,,,,,,,,,,,,,,,,,,,,,,,,,,,,,,,,,,,,,,,,,,,,,,,,,,,,,,,,,,,,,,,,,,,,,,,
140214,,10,15,6,ATHO-G,6,75.37331667,0.41669608,0.55,0.25465,0.02557035,10.04,12.36903333,0.10362067,0.84,,,3.34861667,0.07100841,2.12,0.09868333,0.05091606,51.6,0.10028333,0.01504,15,1.71693333,0.03180633,1.85,3.9748,0.67595117,17.01,2.70776667,0.03733174,1.38,0.03176667,0.01624016,51.12,,,,100.0201,0.74166083,,,,,,,,,,,,,,,,,,,,,,,,,,,,,,,,,,,,,,,,,,,,,,,,,,,,,,,,,,,,,,,,,,,,,,,,,,,,,,
140214,,10,15,6,GOR128-G,6,46.45991667,0.29126793,0.63,0.27551667,0.01702556,6.18,9.97195,0.04721931,0.47,,,9.88546667,0.30131378,3.05,0.18518333,0.06139314,33.15,25.59546667,0.12775352,0.5,6.25453333,0.05906524,0.94,0.51885,0.04423839,8.53,0.0486,0.00913805,18.8,0.02876667,0.01363241,47.39,,,,99.2324,0.31344474,,,,,,,,,,,,,,,,,,,,,,,,,,,,,,,,,,,,,,,,,,,,,,,,,,,,,,,,,,,,,,,,,,,,,,,,,,,,,,
140214,,10,15,6,StHs6/80-G,6,63.71038333,0.27559186,0.43,0.69716667,0.02810841,4.03,17.49828333,0.10296831,0.59,,,4.21476667,0.13267739,3.15,0.06611667,0.03515073,53.16,1.94286667,0.0210367,1.08,5.261,0.025571,0.49,4.54445,0.18798595,4.14,1.31351667,0.04044673,3.08,0.13853333,0.01934783,13.97,,,,99.39786667,0.38260401,,,,,,,,,,,,,,,,,,,,,,,,,,,,,,,,,,,,,,,,,,,,,,,,,,,,,,,,,,,,,,,,,,,,,,,,,,,,,,
190115,,10,15,6,ATHO-G,10,74.77,0.24,0.32,0.26,0.04,13.58,12.17,0.09,0.75,,,3.32,0.08,2.27,0.11,0.03,22.51,0.07,0.05,64.05,1.69,0.05,2.85,4.29,0.14,3.17,2.73,0.06,2.17,0.02,0.02,92.8,,,,99.42,0.22,,,,,,,,,,,,,,,,,,,,,,,,,,,,,,,,,,,,,,,,,,,,,,,,,,,,,,,,,,,,,,,,,,,,,,,,,,,,,,
190115,,10,15,6,ML3B-G,10,51.2,0.17,0.34,2.16,0.06,2.95,13.59,0.11,0.77,,,11.14,0.24,2.13,0.17,0.04,21.69,6.54,0.13,1.91,10.58,0.1,0.99,2.36,0.14,6.12,0.4,0.03,6.67,0.23,0.03,14.36,,,,98.38,0.41,,,,,,,,,,,,,,,,,,,,,,,,,,,,,,,,,,,,,,,,,,,,,,,,,,,,,,,,,,,,,,,,,,,,,,,,,,,,,,
190115,,10,15,6,StHs6/80-G,10,63.01,0.17,0.27,0.72,0.04,6.28,17.5,0.09,0.53,,,4.43,0.07,1.62,0.07,0.04,53.53,1.94,0.04,2.29,5.3,0.05,0.95,4.75,0.27,5.72,1.31,0.05,3.46,0.15,0.03,16.82,,,,99.18,0.34,,,,,,,,,,,,,,,,,,,,,,,,,,,,,,,,,,,,,,,,,,,,,,,,,,,,,,,,,,,,,,,,,,,,,,,,,,,,,,
190314,,5,15,4,ATHO-G,14,75.23771429,0.54851764,0.73,0.24114286,0.0471297,19.54,12.13885714,0.13518811,1.11,,,3.24242857,0.23838938,7.35,0.10628571,0.0461743,43.44,0.10164286,0.02320016,22.83,1.71335714,0.04318406,2.52,3.15464286,0.38165502,12.1,2.67021429,0.05596864,2.1,0.02878571,0.02043819,71,,,,98.66214286,0.75467037,,,,,,,,,,,,,,,,,,,,,,,,,,,,,,,,,,,,,,,,,,,,,,,,,,,,,,,,,,,,,,,,,,,,,,,,,,,,,,
190314,,5,15,4,KL2-G,14,50.63707143,0.2722664,0.54,2.56892857,0.06365588,2.48,13.41735714,0.16355127,1.22,,,10.81607143,0.43096858,3.98,0.18192857,0.07083835,38.94,7.413,0.10165931,1.37,10.95092857,0.16471349,1.5,2.3415,0.06557409,2.8,0.50135714,0.02297694,4.58,0.25792857,0.03091543,11.99,,,,99.09292857,0.59901271,,,,,,,,,,,,,,,,,,,,,,,,,,,,,,,,,,,,,,,,,,,,,,,,,,,,,,,,,,,,,,,,,,,,,,,,,,,,,,
190314,,5,15,4,StHs6/80-G,13,63.71076923,0.35993591,0.56,0.70576923,0.03460528,4.9,17.64261538,0.1868103,1.06,,,4.41315385,0.27442754,6.22,0.05753846,0.05718481,99.39,2.00553846,0.05188548,2.59,5.26253846,0.09918049,1.88,4.21269231,0.2363833,5.61,1.29515385,0.06303418,4.87,0.16184615,0.03078378,19.02,,,,99.48007692,0.72040931,,,,,,,,,,,,,,,,,,,,,,,,,,,,,,,,,,,,,,,,,,,,,,,,,,,,,,,,,,,,,,,,,,,,,,,,,,,,,,
190816,,10,15,6,ATHO-G,11,75.13316486,0.43783249,0.58,0.24978919,0.0345925,13.85,12.2976,0.10789604,0.88,,,3.16593514,0.15281284,4.83,0.10807838,0.04154511,38.44,0.09072973,0.01858699,20.49,1.70731081,0.04958359,2.9,4.15155676,0.10976595,2.64,2.70971351,0.07874914,2.91,0.02225676,0.01817047,81.64,,,,99.95636364,0.49909223,,,,,,,,,,,,,,,,,,,,,,,,,,,,,,,,,,,,,,,,,,,,,,,,,,,,,,,,,,,,,,,,,,,,,,,,,,,,,,
190816,,10,15,6,GOR132-G,11,45.68504865,0.2463947,0.54,0.30267838,0.02632858,8.7,10.98941081,0.11292274,1.03,,,10.25227297,0.28372604,2.77,0.15197568,0.03830998,25.21,22.12090811,0.17508283,0.79,8.58625135,0.0944639,1.1,0.80075135,0.05896796,7.36,0.0290973,0.01638259,56.3,0.03966486,0.02034624,51.3,,,,98.89776364,0.40972601,,,,,,,,,,,,,,,,,,,,,,,,,,,,,,,,,,,,,,,,,,,,,,,,,,,,,,,,,,,,,,,,,,,,,,,,,,,,,,
190816,,10,15,6,StHs6/80-G,11,63.56701351,0.39183432,0.62,0.71326757,0.03834413,5.38,17.64673784,0.21188083,1.2,,,4.39873784,0.13222162,3.01,0.06967027,0.0387955,55.68,1.93322703,0.05351998,2.77,5.33496757,0.06933039,1.3,4.5429027,0.13404368,2.95,1.33175135,0.05448544,4.09,0.12621892,0.04020613,31.85,,,,99.50397273,0.52437354,,,,,,,,,,,,,,,,,,,,,,,,,,,,,,,,,,,,,,,,,,,,,,,,,,,,,,,,,,,,,,,,,,,,,,,,,,,,,,
200115,,10,15,6,ATHO-G,18,74.49477778,0.76959685,1.03,0.24506667,0.04726018,19.28,12.09308333,0.13533183,1.12,,,3.24492778,0.12559879,3.87,0.08997222,0.03185284,35.4,0.09857222,0.03601795,36.54,1.68567778,0.04944816,2.93,4.10811667,0.37550006,9.14,2.74103889,0.04074488,1.49,0.01756667,0.01543731,87.88,,,,98.8188,0.81186703,,,,,,,,,,,,,,,,,,,,,,,,,,,,,,,,,,,,,,,,,,,,,,,,,,,,,,,,,,,,,,,,,,,,,,,,,,,,,,
200115,,10,15,6,ML3B-G,18,51.13,0.46,0.91,2.13,0.05,2.57,13.43,0.13,0.97,,,10.98,0.29,2.69,0.17,0.02,14.22,6.75,0.09,1.3,10.48,0.11,1.08,2.37,0.13,5.37,0.39,0.02,6.03,0.23,0.04,16.99,,,,98.04,0.67,,,,,,,,,,,,,,,,,,,,,,,,,,,,,,,,,,,,,,,,,,,,,,,,,,,,,,,,,,,,,,,,,,,,,,,,,,,,,,
200115,,10,15,6,StHs6/80-G,18,63.62,0.54,0.85,0.72,0.04,6,17.39,0.16,0.94,,,4.43,0.12,2.69,0.07,0.03,42.14,1.97,0.06,2.84,5.21,0.09,1.77,4.58,0.2,4.37,1.31,0.04,3.1,0.08,0.03,40.6,,,,99.4,0.71,,,,,,,,,,,,,,,,,,,,,,,,,,,,,,,,,,,,,,,,,,,,,,,,,,,,,,,,,,,,,,,,,,,,,,,,,,,,,,
200314,,5,15,4,ATHO-G,14,76.05907143,0.7029571,0.92,0.22457143,0.03690677,16.43,12.22864286,0.15813899,1.29,,,3.21071429,0.2512386,7.83,0.1035,0.05625594,54.35,0.09692857,0.01888615,19.48,1.71228571,0.03509422,2.05,2.89742857,0.20075424,6.93,2.71928571,0.03417248,1.26,0.03207143,0.01980856,61.76,,,,99.317,1.25201872,,,,,,,,,,,,,,,,,,,,,,,,,,,,,,,,,,,,,,,,,,,,,,,,,,,,,,,,,,,,,,,,,,,,,,,,,,,,,,
200314,,5,15,4,KL2-G,12,51.191,0.37245646,0.73,2.531,0.07877471,3.11,13.52416667,0.16252879,1.2,,,10.81541667,0.34738961,3.21,0.12558333,0.09991766,79.56,7.05358333,0.10349568,1.47,10.98941667,0.1237567,1.13,2.22908333,0.07284536,3.27,0.5115,0.0417732,8.17,0.24383333,0.0313422,12.85,,,,99.22741667,0.74369122,,,,,,,,,,,,,,,,,,,,,,,,,,,,,,,,,,,,,,,,,,,,,,,,,,,,,,,,,,,,,,,,,,,,,,,,,,,,,,
200314,,5,15,4,StHs6/80-G,13,64.16525,0.50866476,0.79,0.68975,0.05443783,7.89,17.75975,0.18360735,1.03,,,4.35941667,0.14021831,3.22,0.062,0.05184593,83.62,1.91483333,0.04697936,2.45,5.30333333,0.06642608,1.25,4.04841667,0.09149213,2.26,1.32791667,0.0299923,2.26,0.15233333,0.02087771,13.71,,,,99.79658333,1.1413458,,,,,,,,,,,,,,,,,,,,,,,,,,,,,,,,,,,,,,,,,,,,,,,,,,,,,,,,,,,,,,,,,,,,,,,,,,,,,,
200318,,10,15,6,ATHO-G,10,75.7064,0.2344,0.31,0.2505,0.0357,14.25,12.2764,0.1164,0.95,,,3.1738,0.0966,3.04,0.1053,0.0625,59.35,0.0969,0.0125,12.9,1.6798,0.0321,1.91,4.2159,0.1123,2.66,2.749,0.0673,2.45,0.0267,0.0181,67.79,,,,100.31201,0.41401431,,,,,,,,,,,,,,,,,,,,,,,,,,,,,,,,,,,,,,,,,,,,,,,,,,,,,,,,,,,,,,,,,,,,,,,,,,,,,,
200318,,10,15,6,GOR132-G,10,45.6729,0.3073,0.67,0.3118,0.0171,5.48,10.8784,0.0577,0.53,,,10.2999,0.1855,1.8,0.1852,0.0466,25.16,22.6182,0.157,0.69,8.44,0.083,0.98,0.7814,0.0416,5.32,0.0292,0.0098,33.56,0.0573,0.0189,32.98,,,,99.28097,0.51113271,,,,,,,,,,,,,,,,,,,,,,,,,,,,,,,,,,,,,,,,,,,,,,,,,,,,,,,,,,,,,,,,,,,,,,,,,,,,,,
200318,,10,15,6,StHs6/80-G,10,63.7044,0.5693,0.89,0.7297,0.0326,4.47,17.6681,0.2441,1.38,,,4.3346,0.0997,2.3,0.0975,0.0539,55.28,2.0134,0.0405,2.01,5.2426,0.0413,0.79,4.5581,0.1251,2.74,1.3304,0.0344,2.59,0.1681,0.0199,11.84,,,,99.8656,0.89205781,,,,,,,,,,,,,,,,,,,,,,,,,,,,,,,,,,,,,,,,,,,,,,,,,,,,,,,,,,,,,,,,,,,,,,,,,,,,,,
210114,,10,15,6,ATHO-G,3,75.07866667,0.30050268,0.4,0.23543333,0.02285636,9.71,12.59426667,0.09137102,0.73,,,3.30123333,0.0862696,2.61,0.1078,0.01862767,17.28,0.08083333,0.02088692,25.84,1.79106667,0.03989603,2.23,4.25616667,0.12061966,2.83,2.79996667,0.00430968,0.15,0.00666667,0.01154701,173.21,,,,100.3127333,44.60651909,,,,,,,,,,,,,,,,,,,,,,,,,,,,,,,,,,,,,,,,,,,,,,,,,,,,,,,,,,,,,,,,,,,,,,,,,,,,,,
210114,,10,15,6,GOR128-G,7,46.26554286,0.19699548,0.43,0.29327143,0.02573478,8.78,10.14958571,0.11636287,1.15,,,10.01838571,0.181124,1.81,0.18488571,0.06421629,34.73,25.6208,0.16800786,0.66,6.25402857,0.10373122,1.66,0.56867143,0.05894748,10.37,0.04157143,0.01095897,26.36,0.0236,0.02747308,116.41,,,,99.42337143,0.35164235,,,,,,,,,,,,,,,,,,,,,,,,,,,,,,,,,,,,,,,,,,,,,,,,,,,,,,,,,,,,,,,,,,,,,,,,,,,,,,
210114,,10,15,6,StHs6/80-G,7,63.42157143,0.23391289,0.37,0.7221,0.02494013,3.45,17.99928571,0.10606126,0.59,,,4.45555714,0.09484988,2.13,0.06717143,0.03566248,53.09,1.96031429,0.04052297,2.07,5.23754286,0.09210738,1.76,4.36211429,0.52426414,12.02,1.32318571,0.05812935,4.39,0.13545714,0.01560137,11.52,,,,99.69201429,0.82117709,,,,,,,,,,,,,,,,,,,,,,,,,,,,,,,,,,,,,,,,,,,,,,,,,,,,,,,,,,,,,,,,,,,,,,,,,,,,,,
210314,,5,15,4,ATHO-G,29,75.38658621,0.97448113,1.29,0.24103448,0.04599261,19.08,12.12586207,0.23940428,1.97,,,3.19527586,0.14447785,4.52,0.10513793,0.07691959,73.16,0.10082759,0.018557,18.4,1.71327586,0.05184585,3.03,2.93434483,0.11600532,3.95,2.72968966,0.05250721,1.92,0.03927586,0.02317464,59,,,,98.60837931,1.27942666,,,,,,,,,,,,,,,,,,,,,,,,,,,,,,,,,,,,,,,,,,,,,,,,,,,,,,,,,,,,,,,,,,,,,,,,,,,,,,
210314,,5,15,4,KL2-G,27,50.76111111,0.76702313,1.51,2.4327037,0.13438487,5.52,13.46951852,0.17186832,1.28,,,10.72148148,0.35649721,3.33,0.15533333,0.08133785,52.36,7.03318519,0.13222302,1.88,11.01133333,0.1462703,1.33,2.21437037,0.08689965,3.92,0.50151852,0.03801151,7.58,0.24996296,0.03625601,14.5,,,,98.55885185,1.3236322,,,,,,,,,,,,,,,,,,,,,,,,,,,,,,,,,,,,,,,,,,,,,,,,,,,,,,,,,,,,,,,,,,,,,,,,,,,,,,
210314,,5,15,4,StHs6/80-G,28,63.59457143,0.81585358,1.28,0.65642857,0.06595926,10.05,17.59035714,0.23580661,1.34,,,4.31157143,0.21030321,4.88,0.10135714,0.06063199,59.82,1.87539286,0.04399103,2.35,5.33439286,0.0771316,1.45,4.01089286,0.14523629,3.62,1.30317857,0.05424024,4.16,0.15142857,0.02668253,17.62,,,,98.94064286,1.15094414,,,,,,,,,,,,,,,,,,,,,,,,,,,,,,,,,,,,,,,,,,,,,,,,,,,,,,,,,,,,,,,,,,,,,,,,,,,,,,
211013,,10,15,6,ATHO-G,5,75.04326,0.19305565,0.26,0.24156,0.02156057,8.93,12.5024,0.10798419,0.86,,,3.16266,0.14659877,4.64,0.10276,0.04282246,41.67,0.09724,0.01638331,16.85,1.68434,0.0535438,3.18,4.07066,0.09739565,2.39,2.75334,0.06235313,2.26,0.02272,0.01758642,77.4,,,,99.72434,0.32963855,,,,,,,,,,,,,,,,,,,,,,,,,,,,,,,,,,,,,,,,,,,,,,,,,,,,,,,,,,,,,,,,,,,,,,,,,,,,,,
211013,,10,15,6,GOR132-G,5,45.33688,0.20668409,0.46,0.3265,0.01675843,5.13,10.9629,0.06394771,0.58,,,9.90402,0.17531183,1.77,0.14808,0.01929591,13.03,22.02844,0.10746612,0.49,8.42714,0.0920506,1.09,0.79904,0.09353554,11.71,0.02454,0.01174598,47.86,0.02794,0.01729662,61.91,,,,97.99636,0.33690425,,,,,,,,,,,,,,,,,,,,,,,,,,,,,,,,,,,,,,,,,,,,,,,,,,,,,,,,,,,,,,,,,,,,,,,,,,,,,,
211013,,10,15,6,ML3B-G,5,51.49,0.24914688,0.48,2.14,0.08003846,3.73,13.99,0.08434271,0.6,,,10.82,0.06212417,0.57,0.18,0.03931669,21.42,6.53,0.0615606,0.94,10.38,0.0442032,0.43,2.29,0.1261077,5.5,0.4,0.02609498,6.47,0.21,0.0079858,3.73,,,,98.45,0.41480354,,,,,,,,,,,,,,,,,,,,,,,,,,,,,,,,,,,,,,,,,,,,,,,,,,,,,,,,,,,,,,,,,,,,,,,,,,,,,,
211013,,10,15,6,StHs6/80-G,5,63.24398,0.64238155,1.02,0.70464,0.04295408,6.1,17.88048,0.13250644,0.74,,,4.26766,0.17602965,4.12,0.05602,0.05619913,100.32,1.94566,0.01431688,0.74,5.30262,0.07952372,1.5,4.34266,0.09474739,2.18,1.28534,0.03894949,3.03,0.15458,0.02875208,18.6,,,,99.18884,0.76448568,,,,,,,,,,,,,,,,,,,,,,,,,,,,,,,,,,,,,,,,,,,,,,,,,,,,,,,,,,,,,,,,,,,,,,,,,,,,,,
220114,,5,15,4,ATHO-G,3,75.58473333,0.18786432,0.25,0.26936667,0.01446732,5.37,12.57163333,0.13527458,1.08,,,3.1549,0.1198557,3.8,0.085,0.0314657,37.02,0.0892,0.02193923,24.6,1.76433333,0.02493157,1.41,3.95556667,0.0858875,2.17,2.78203333,0.01883357,0.68,0.00963333,0.0106688,110.75,,,,100.3046,0.11280332,,,,,,,,,,,,,,,,,,,,,,,,,,,,,,,,,,,,,,,,,,,,,,,,,,,,,,,,,,,,,,,,,,,,,,,,,,,,,,
220114,,5,15,4,GOR128-G,3,46.22663333,0.43015779,0.93,0.2521,0.07158659,28.4,10.05013333,0.14795098,1.47,,,9.7402,0.26563744,2.73,0.14846667,0.06123923,41.25,25.87443333,0.08631694,0.33,6.26206667,0.04455629,0.71,0.52146667,0.06348231,12.17,0.044,0.00331512,7.53,0.0359,0.00964365,26.86,,,,99.15756667,0.24475558,,,,,,,,,,,,,,,,,,,,,,,,,,,,,,,,,,,,,,,,,,,,,,,,,,,,,,,,,,,,,,,,,,,,,,,,,,,,,,
220114,,5,15,4,StHs6/80-G,3,63.87806667,0.46656192,0.73,0.7039,0.0544978,7.74,18.0163,0.3288266,1.83,,,4.3449,0.13960387,3.21,0.10923333,0.0534661,48.95,2.00893333,0.04352118,2.17,5.36426667,0.05339516,1,4.5409,0.17393542,3.83,1.363,0.06880959,5.05,0.15953333,0.00583981,3.66,,,,100.5078,0.95460587,,,,,,,,,,,,,,,,,,,,,,,,,,,,,,,,,,,,,,,,,,,,,,,,,,,,,,,,,,,,,,,,,,,,,,,,,,,,,,
220115,,10,15,6,ATHO-G,10,74.76,0.3,0.4,0.24,0.03,10.82,12.18,0.08,0.64,,,3.29,0.11,3.49,0.11,0.04,30.66,0.1,0.03,29.63,1.68,0.05,2.9,4.32,0.08,1.74,2.72,0.03,1.28,0.03,0.02,59.97,,,,99.44,0.26569084,,,,,,,,,,,,,,,,,,,,,,,,,,,,,,,,,,,,,,,,,,,,,,,,,,,,,,,,,,,,,,,,,,,,,,,,,,,,,,
220115,,10,15,6,ML3B-G,10,51.28,0.19,0.36,2.13,0.06,2.85,13.59,0.12,0.87,,,10.96,0.16,1.48,0.18,0.03,16.53,6.68,0.09,1.32,10.49,0.08,0.74,2.41,0.16,6.71,0.39,0.03,6.59,0.24,0.04,15.06,,,,98.35,0.44226663,,,,,,,,,,,,,,,,,,,,,,,,,,,,,,,,,,,,,,,,,,,,,,,,,,,,,,,,,,,,,,,,,,,,,,,,,,,,,,
220115,,10,15,6,StHs6/80-G,10,63.29,0.23,0.37,0.71,0.05,6.63,17.43,0.12,0.69,,,4.37,0.15,3.36,0.07,0.03,43,2,0.06,2.9,5.2,0.07,1.26,4.72,0.14,2.96,1.31,0.04,3,0.1,0.03,32.89,,,,99.19,0.43151814,,,,,,,,,,,,,,,,,,,,,,,,,,,,,,,,,,,,,,,,,,,,,,,,,,,,,,,,,,,,,,,,,,,,,,,,,,,,,,
221013,,10,15,6,ATHO-G,4,74.5333,0.84505291,1.13,0.2264,0.0142129,6.28,12.20265,0.1001278,0.82,,,3.1684,0.1764669,5.57,0.092475,0.07126604,77.07,0.0863,0.01920642,22.26,1.6767,0.05679595,3.39,4.1646,0.13262466,3.18,2.74745,0.02050049,0.75,0.003975,0.00580366,146,,,,98.94225,1.10078542,,,,,,,,,,,,,,,,,,,,,,,,,,,,,,,,,,,,,,,,,,,,,,,,,,,,,,,,,,,,,,,,,,,,,,,,,,,,,,
221013,,10,15,6,GOR132-G,5,45.51,0.2042559,0.45,0.3,0.03529925,11.59,10.95,0.1009071,0.92,,,10.15,0.0726715,0.72,0.17,0.04369523,25.54,21.93,0.14234752,0.65,8.39,0.06485355,0.77,0.77,0.04589537,5.99,0.03,0.01366437,39.38,0.03,0.01404891,41.66,,,,98.24,0.28435552,,,,,,,,,,,,,,,,,,,,,,,,,,,,,,,,,,,,,,,,,,,,,,,,,,,,,,,,,,,,,,,,,,,,,,,,,,,,,,
221013,,10,15,6,ML3B-G,4,51.4593,0.21912223,0.43,2.0905,0.04425035,2.12,13.652725,0.16157907,1.18,,,11.092575,0.08165384,0.74,0.143125,0.06670379,46.61,6.407375,0.06294375,0.98,10.333175,0.14502982,1.4,2.303375,0.06207293,2.69,0.376475,0.01463589,3.89,0.20915,0.01532503,7.33,,,,98.078575,0.38630836,,,,,,,,,,,,,,,,,,,,,,,,,,,,,,,,,,,,,,,,,,,,,,,,,,,,,,,,,,,,,,,,,,,,,,,,,,,,,,
221013,,10,15,6,StHs6/80-G,5,63.14358,0.05978848,0.09,0.68358,0.06916044,10.12,17.65646,0.15595487,0.88,,,4.32746,0.10903203,2.52,0.07104,0.05264165,74.1,1.94298,0.06442307,3.32,5.2233,0.07529917,1.44,4.56232,0.11950593,2.62,1.31174,0.04014378,3.06,0.12296,0.01109383,9.02,,,,99.05868,0.27349488,,,,,,,,,,,,,,,,,,,,,,,,,,,,,,,,,,,,,,,,,,,,,,,,,,,,,,,,,,,,,,,,,,,,,,,,,,,,,,
230115,,10,15,6,ATHO-G,18,74.98,0.29,0.39,0.25,0.02,8.77,12.25,0.07,0.61,,,3.25,0.14,4.17,0.09,0.03,32.13,0.09,0.04,40.62,1.69,0.06,3.42,4.2,0.23,5.54,2.73,0.06,2.08,0.03,0.03,98.68,,,,99.55,0.32,,,,,,,,,,,,,,,,,,,,,,,,,,,,,,,,,,,,,,,,,,,,,,,,,,,,,,,,,,,,,,,,,,,,,,,,,,,,,,
230115,,10,15,6,ML3B-G,18,51.32,0.31,0.61,2.12,0.06,2.62,13.68,0.08,0.58,,,11.07,0.19,1.73,0.17,0.03,20.01,6.59,0.08,1.2,10.53,0.13,1.28,2.43,0.13,5.4,0.39,0.03,7.88,0.23,0.02,8.41,,,,98.53,0.5,,,,,,,,,,,,,,,,,,,,,,,,,,,,,,,,,,,,,,,,,,,,,,,,,,,,,,,,,,,,,,,,,,,,,,,,,,,,,,
230115,,10,15,6,StHs6/80-G,18,63.19,0.2,0.31,0.7,0.04,5.75,17.6,0.13,0.74,,,4.44,0.15,3.4,0.08,0.03,40.86,1.95,0.06,3.21,5.27,0.08,1.47,4.67,0.26,5.65,1.32,0.04,2.74,0.14,0.04,24.88,,,,99.37,0.49,,,,,,,,,,,,,,,,,,,,,,,,,,,,,,,,,,,,,,,,,,,,,,,,,,,,,,,,,,,,,,,,,,,,,,,,,,,,,,
230714,,10,15,6,ATHO-G,9,74.62143333,0.40012132,0.54,0.2451,0.03700902,15.1,12.19647778,0.06948791,0.57,,,3.1976,0.11950624,3.74,0.10542222,0.01440337,13.66,0.09084444,0.01846694,20.33,1.64147778,0.04893768,2.98,4.20641111,0.16343019,3.89,2.74856667,0.04960617,1.8,0.02245556,0.01677767,74.72,,,,99.07578889,0.57392189,,,,,,,,,,,,,,,,,,,,,,,,,,,,,,,,,,,,,,,,,,,,,,,,,,,,,,,,,,,,,,,,,,,,,,,,,,,,,,
230714,,10,15,6,ML3B-G,9,51.45867778,0.19510527,0.38,2.12277778,0.06647294,3.13,13.75967778,0.12175785,0.88,,,10.99925556,0.17270337,1.57,0.17512222,0.03699962,21.13,6.43527778,0.06796491,1.06,10.42713333,0.07638835,0.73,2.36645556,0.11419008,4.83,0.38923333,0.01996729,5.13,0.22973333,0.01922336,8.37,,,,98.36334444,0.38305455,,,,,,,,,,,,,,,,,,,,,,,,,,,,,,,,,,,,,,,,,,,,,,,,,,,,,,,,,,,,,,,,,,,,,,,,,,,,,,
230714,,10,15,6,StHs6/80-G,9,63.09921111,0.54699019,0.87,0.72798889,0.04217637,5.79,17.69905556,0.16945571,0.96,,,4.3408,0.14721629,3.39,0.08462222,0.03319668,39.23,1.90592222,0.0327548,1.72,5.28031111,0.07884623,1.49,4.562,0.10239397,2.24,1.30782222,0.03688119,2.82,0.13575556,0.01870161,13.78,,,,99.14348889,0.70855269,,,,,,,,,,,,,,,,,,,,,,,,,,,,,,,,,,,,,,,,,,,,,,,,,,,,,,,,,,,,,,,,,,,,,,,,,,,,,,
231017,,10,15,6,ATHO-G,10,74.9278,0.296,0.4,0.2472,0.0268,10.84,12.4458,0.181,1.45,,,3.2634,0.09,2.76,0.1047,0.0501,47.85,0.0924,0.0219,23.7,1.7055,0.0523,3.07,4.0848,0.246,6.02,2.7377,0.036,1.31,0.0193,0.0225,116.58,,,,99.6596,0.31411969,,,,,,,,,,,,,,,,,,,,,,,,,,,,,,,,,,,,,,,,,,,,,,,,,,,,,,,,,,,,,,,,,,,,,,,,,,,,,,
231017,,10,15,6,GOR132-G,10,45.3152,0.256,0.56,0.2948,0.0318,10.79,11.1489,0.2404,2.16,,,10.3713,0.1712,1.65,0.1538,0.0259,16.84,21.9068,0.1826,0.83,8.4169,0.0831,0.99,0.8061,0.0713,8.85,0.0392,0.0136,34.69,0.0273,0.0187,68.5,,,,98.4858,0.33922087,,,,,,,,,,,,,,,,,,,,,,,,,,,,,,,,,,,,,,,,,,,,,,,,,,,,,,,,,,,,,,,,,,,,,,,,,,,,,,
240117,,10,15,6,ATHO-G,9,74.44385556,0.68192621,0.92,0.25923333,0.03466089,13.37,12.38604444,0.04852554,0.39,,,3.26263333,0.06426817,1.97,0.10188889,0.0580716,57,0.09337778,0.00759552,8.13,1.70463333,0.04440693,2.61,4.08795556,0.10230339,2.5,2.7585,0.06196822,2.25,0.03745556,0.02035707,54.35,,,,99.174,0.68857114,,,,,,,,,,,,,,,,,,,,,,,,,,,,,,,,,,,,,,,,,,,,,,,,,,,,,,,,,,,,,,,,,,,,,,,,,,,,,,
240117,,10,15,6,GOR132-G,9,44.98918889,0.68588877,1.52,0.27395556,0.02942287,10.74,10.94523333,0.09071706,0.83,,,10.21355556,0.17898366,1.75,0.15963333,0.02519305,15.78,22.09285556,0.13385472,0.61,8.55203333,0.09112439,1.07,0.80868889,0.04027153,4.98,0.03863333,0.01276009,33.03,0.04011111,0.02404254,59.94,,,,98.12078889,0.78593097,,,,,,,,,,,,,,,,,,,,,,,,,,,,,,,,,,,,,,,,,,,,,,,,,,,,,,,,,,,,,,,,,,,,,,,,,,,,,,
240117,,10,15,6,StHs6/80-G,9,63.00731111,0.79617418,1.26,0.6776,0.04753591,7.02,17.7413,0.05986838,0.34,,,4.42226667,0.14013965,3.17,0.06315556,0.04740101,75.05,1.94217778,0.05890271,3.03,5.33075556,0.10095076,1.89,4.52402222,0.09188148,2.03,1.33896667,0.02861311,2.14,0.1621,0.02729794,16.84,,,,99.22477778,0.74803769,,,,,,,,,,,,,,,,,,,,,,,,,,,,,,,,,,,,,,,,,,,,,,,,,,,,,,,,,,,,,,,,,,,,,,,,,,,,,,
240714,,10,15,6,ATHO-G,10,74.53481,0.25223987,0.34,0.24761,0.03906836,15.78,12.26183,0.12147603,0.99,,,3.19504,0.12919315,4.04,0.08922,0.03451002,38.68,0.1087,0.01282004,11.79,1.69713,0.04013012,2.36,4.15478,0.12056415,2.9,2.7474,0.04927007,1.79,0.02205,0.01781393,80.79,,,,99.05857,0.18315327,,,,,,,,,,,,,,,,,,,,,,,,,,,,,,,,,,,,,,,,,,,,,,,,,,,,,,,,,,,,,,,,,,,,,,,,,,,,,,
240714,,10,15,6,ML3B-G,10,51.43313,0.1870377,0.36,2.11872,0.05555607,2.62,13.68761,0.13482722,0.99,,,10.93116,0.24046951,2.2,0.18284,0.01523535,8.33,6.50938,0.07996924,1.23,10.5,0.11511685,1.1,2.32437,0.10090351,4.34,0.3927,0.03071746,7.82,0.22114,0.02164236,9.79,,,,98.30105,0.30166198,,,,,,,,,,,,,,,,,,,,,,,,,,,,,,,,,,,,,,,,,,,,,,,,,,,,,,,,,,,,,,,,,,,,,,,,,,,,,,
240714,,10,15,6,StHs6/80-G,10,63.19101,0.18520567,0.29,0.72435,0.02155614,2.98,17.61772,0.1400333,0.79,,,4.37909,0.10066015,2.3,0.08515,0.03485112,40.93,1.91137,0.02952099,1.54,5.27388,0.06833193,1.3,4.55746,0.13921865,3.05,1.33398,0.03592826,2.69,0.14591,0.0253579,17.38,,,,99.21992,0.16343949,,,,,,,,,,,,,,,,,,,,,,,,,,,,,,,,,,,,,,,,,,,,,,,,,,,,,,,,,,,,,,,,,,,,,,,,,,,,,,
250117,,10,15,6,ATHO-G,10,74.81643,0.53733257,0.72,0.24069,0.02878543,11.96,12.29827,0.05870769,0.48,,,3.19552,0.10725044,3.36,0.11326,0.05387164,47.56,0.09726,0.01605492,16.51,1.70585,0.03241818,1.9,4.09114,0.08383031,2.05,2.72827,0.06327845,2.32,0.02392,0.0140796,58.86,,,,99.35177,0.64141199,,,,,,,,,,,,,,,,,,,,,,,,,,,,,,,,,,,,,,,,,,,,,,,,,,,,,,,,,,,,,,,,,,,,,,,,,,,,,,
250117,,10,15,6,GOR132-G,10,45.33278,0.28225581,0.62,0.29438,0.02421312,8.23,10.96961,0.07936052,0.72,,,10.24804,0.16929374,1.65,0.15571,0.03639104,23.37,22.20111,0.22607074,1.02,8.53962,0.08076835,0.95,0.83084,0.06755846,8.13,0.02334,0.01464735,62.76,0.0379,0.01639255,43.25,,,,98.63886,0.39657874,,,,,,,,,,,,,,,,,,,,,,,,,,,,,,,,,,,,,,,,,,,,,,,,,,,,,,,,,,,,,,,,,,,,,,,,,,,,,,
250117,,10,15,6,StHs6/80-G,10,63.28834,0.42797669,0.68,0.71106,0.01852225,2.6,17.6993,0.08272389,0.47,,,4.36288,0.06453266,1.48,0.09281,0.0390921,42.12,1.95486,0.02576165,1.32,5.31216,0.07747007,1.46,4.50115,0.12837738,2.85,1.3162,0.03794827,2.88,0.15535,0.02004535,12.9,,,,99.40948,0.45650427,,,,,,,,,,,,,,,,,,,,,,,,,,,,,,,,,,,,,,,,,,,,,,,,,,,,,,,,,,,,,,,,,,,,,,,,,,,,,,
250714,,10,15,6,ATHO-G,9,74.78853333,0.20902904,0.28,0.23733333,0.01975936,8.33,12.18338889,0.18935833,1.55,,,3.16076667,0.11270374,3.57,0.09248889,0.03274269,35.4,0.09373333,0.01067017,11.38,1.66176667,0.05258158,3.16,4.05375556,0.12614728,3.11,2.76824444,0.02753575,0.99,0.02401111,0.01796722,74.83,,,,99.06402222,0.31666132,,,,,,,,,,,,,,,,,,,,,,,,,,,,,,,,,,,,,,,,,,,,,,,,,,,,,,,,,,,,,,,,,,,,,,,,,,,,,,
250714,,10,15,6,ML3B-G,9,51.48,0.28344081,0.55,2.16,0.04730758,2.19,13.74,0.17432461,1.27,,,11.03,0.14137754,1.28,0.17,0.02512962,15.15,6.44,0.08013621,1.24,10.5,0.11351199,1.08,2.29,0.13170916,5.75,0.4,0.0185156,4.67,0.23,0.01351448,5.87,,,,98.43,0.43669402,,,,,,,,,,,,,,,,,,,,,,,,,,,,,,,,,,,,,,,,,,,,,,,,,,,,,,,,,,,,,,,,,,,,,,,,,,,,,,
250714,,10,15,6,StHs6/80-G,9,63.33022222,0.13836478,0.22,0.69441111,0.04015882,5.78,17.46756667,0.17816276,1.02,,,4.41867778,0.14584466,3.3,0.07123333,0.02996569,42.07,1.92396667,0.0396818,2.06,5.25261111,0.07259057,1.38,4.61454444,0.14468235,3.14,1.32311111,0.02297904,1.74,0.1524,0.01551072,10.18,,,,99.24874444,0.41392313,,,,,,,,,,,,,,,,,,,,,,,,,,,,,,,,,,,,,,,,,,,,,,,,,,,,,,,,,,,,,,,,,,,,,,,,,,,,,,
260117,,10,15,6,ATHO-G,17,75.0193,0.2302,0.31,0.2423,0.0323,13.33,12.2927,0.0854,0.69,,,3.1397,0.0988,3.15,0.1098,0.047,42.81,0.1085,0.0147,13.55,1.6965,0.0563,3.32,4.0109,0.4587,11.44,2.7334,0.0562,2.06,0.0296,0.0185,62.5,,,,99.41634118,0.34408907,,,,,,,,,,,,,,,,,,,,,,,,,,,,,,,,,,,,,,,,,,,,,,,,,,,,,,,,,,,,,,,,,,,,,,,,,,,,,,
260117,,10,15,6,GOR132-G,17,45.5314,0.1642,0.36,0.3063,0.0259,8.46,10.9729,0.0713,0.65,,,10.0893,0.1159,1.15,0.1605,0.0352,21.93,22.1645,0.12,0.54,8.5267,0.0984,1.15,0.8,0.0554,6.93,0.0343,0.0175,51.02,0.0351,0.022,62.68,,,,98.62963529,0.24799656,,,,,,,,,,,,,,,,,,,,,,,,,,,,,,,,,,,,,,,,,,,,,,,,,,,,,,,,,,,,,,,,,,,,,,,,,,,,,,
260117,,10,15,6,StHs6/80-G,17,63.3508,0.1704,0.27,0.7086,0.0325,4.59,17.73,0.1075,0.61,,,4.3786,0.1202,2.75,0.0799,0.0472,59.07,1.964,0.0325,1.65,5.3091,0.0721,1.36,4.4839,0.2538,5.66,1.2956,0.0407,3.14,0.1592,0.0214,13.44,,,,99.47428824,0.25876747,,,,,,,,,,,,,,,,,,,,,,,,,,,,,,,,,,,,,,,,,,,,,,,,,,,,,,,,,,,,,,,,,,,,,,,,,,,,,,
270118,,10,15,6,ATHO-G,16,75.584,0.4079,0.54,0.2387,0.0249,10.43,12.2086,0.1426,1.17,,,3.2328,0.1045,3.23,0.0867,0.0449,51.79,0.0984,0.0178,18.09,1.686,0.0358,2.12,4.2197,0.1295,3.07,2.7233,0.0436,1.6,0.0314,0.0179,57.01,,,,100.1466625,0.57466713,,,,,,,,,,,,,,,,,,,,,,,,,,,,,,,,,,,,,,,,,,,,,,,,,,,,,,,,,,,,,,,,,,,,,,,,,,,,,,
270118,,10,15,6,GOR132-G,16,45.5956,0.2352,0.52,0.2886,0.0207,7.17,10.819,0.1126,1.04,,,10.1652,0.2285,2.25,0.1643,0.029,17.65,22.1793,0.1234,0.56,8.3841,0.091,1.09,0.8279,0.067,8.09,0.0332,0.0107,32.23,0.0723,0.0275,38.04,,,,98.5328125,0.41790134,,,,,,,,,,,,,,,,,,,,,,,,,,,,,,,,,,,,,,,,,,,,,,,,,,,,,,,,,,,,,,,,,,,,,,,,,,,,,,
270118,,10,15,6,StHs6/80-G,16,63.6709,0.2803,0.44,0.7035,0.0385,5.47,17.5388,0.1881,1.07,,,4.4444,0.2081,4.68,0.1041,0.054,51.87,1.9509,0.0232,1.19,5.2106,0.0724,1.39,4.6334,0.1922,4.15,1.2837,0.0331,2.58,0.1735,0.0263,15.16,,,,99.72295,0.6065716,,,,,,,,,,,,,,,,,,,,,,,,,,,,,,,,,,,,,,,,,,,,,,,,,,,,,,,,,,,,,,,,,,,,,,,,,,,,,,
270217,Marked ATHO-1G in the publication.,10,15,6,ATHO-G,8,75.085975,0.35097228,0.47,0.2444625,0.02430185,9.94,12.2460875,0.07104623,0.58,,,3.3031125,0.10169025,3.08,0.117425,0.03736694,31.82,0.09135,0.01638963,17.94,1.7095375,0.05570458,3.26,4.0707375,0.08124536,2,2.7736625,0.05411247,1.95,0.02015,0.02283243,113.31,,,,99.69825,0.37335744,,,,,,,,,,,,,,,,,,,,,,,,,,,,,,,,,,,,,,,,,,,,,,,,,,,,,,,,,,,,,,,,,,,,,,,,,,,,,,
270217,,10,15,6,GOR132-G,8,45.93495,0.28476045,0.62,0.3248125,0.03028429,9.32,10.9074,0.09606394,0.88,,,10.2766375,0.31854866,3.1,0.1922375,0.06149214,31.99,22.0814875,0.14267722,0.65,8.630725,0.09756843,1.13,0.8199625,0.06684109,8.15,0.0329875,0.01353075,41.02,0.05865,0.02635651,44.94,,,,99.267275,0.48984761,,,,,,,,,,,,,,,,,,,,,,,,,,,,,,,,,,,,,,,,,,,,,,,,,,,,,,,,,,,,,,,,,,,,,,,,,,,,,,
270217,,10,15,6,StHs6/80-G,8,63.646325,0.43090147,0.68,0.7154625,0.02652955,3.71,17.6068375,0.1247745,0.71,,,4.5265125,0.16196846,3.58,0.06745,0.05119152,75.9,1.9344,0.06385215,3.3,5.3529375,0.07674972,1.43,4.404425,0.20519124,4.66,1.3183875,0.04022055,3.05,0.1479625,0.02305992,15.58,,,,99.7345375,0.46445273,,,,,,,,,,,,,,,,,,,,,,,,,,,,,,,,,,,,,,,,,,,,,,,,,,,,,,,,,,,,,,,,,,,,,,,,,,,,,,
270918,,10,15,6,GOR132-G,15,45.8436,0.40131851,0.88,0.29336667,0.02057476,7.01,9.89794,0.13911166,1.41,,,9.62564667,0.2641329,2.74,0.15643333,0.05736006,36.67,25.75822667,0.17740933,0.69,6.1768,0.08478252,1.37,0.56168,0.07123754,12.68,0.03340667,0.01479857,44.3,0.03296,0.02499325,75.83,,,,98.38459333,0.67565718,,,,,,,,,,,,,,,,,,,,,,,,,,,,,,,,,,,,,,,,,,,,,,,,,,,,,,,,,,,,,,,,,,,,,,,,,,,,,,
270918,,10,15,6,KL2-G,15,49.98923333,0.39754442,0.8,2.58144,0.05955677,2.31,13.45392667,0.18584692,1.38,,,10.67712,0.20829119,1.95,0.16810667,0.03955216,23.53,7.30696,0.08267665,1.13,10.86168,0.13840997,1.27,2.2635,0.05316415,2.35,0.48431333,0.0152442,3.15,0.29137333,0.03081367,10.58,,,,98.08327333,0.68442514,,,,,,,,,,,,,,,,,,,,,,,,,,,,,,,,,,,,,,,,,,,,,,,,,,,,,,,,,,,,,,,,,,,,,,,,,,,,,,
270918,,10,15,6,StHs6/80-G,15,63.31823333,0.39542192,0.62,0.688186667,0.05299861,7.7,17.67186667,0.29783287,1.69,,,4.331953333,0.20840902,4.81,0.07734667,0.04184002,54.09,1.94954,0.04500517,2.31,5.20880667,0.07073466,1.36,4.59906,0.16569572,3.6,1.30568,0.04363246,3.34,0.143026667,0.02349348,16.43,,,,99.30214,0.70424048,,,,,,,,,,,,,,,,,,,,,,,,,,,,,,,,,,,,,,,,,,,,,,,,,,,,,,,,,,,,,,,,,,,,,,,,,,,,,,
280217,Marked ATHO-1G in the publication.,10,15,6,ATHO-G,10,75.72064,0.40083634,0.53,0.25833,0.03870096,14.98,12.24268,0.10371645,0.85,,,3.23782,0.15489654,4.78,0.10002,0.06467934,64.67,0.09639,0.02124636,22.04,1.68556,0.03981167,2.36,4.12584,0.11587693,2.81,2.75375,0.04149284,1.51,0.02714,0.0203458,74.97,,,,100.2861,0.46888452,,,,,,,,,,,,,,,,,,,,,,,,,,,,,,,,,,,,,,,,,,,,,,,,,,,,,,,,,,,,,,,,,,,,,,,,,,,,,,
280217,,10,15,6,GOR132-G,10,45.87248,0.28794376,0.63,0.29634,0.03006091,10.14,10.92064,0.09271702,0.85,,,10.30487,0.24283505,2.36,0.15189,0.04416694,29.08,22.02816,0.18124771,0.82,8.62275,0.10685403,1.24,0.78805,0.07520986,9.54,0.02526,0.01889869,74.82,0.03365,0.01260928,37.47,,,,99.05609,0.40151516,,,,,,,,,,,,,,,,,,,,,,,,,,,,,,,,,,,,,,,,,,,,,,,,,,,,,,,,,,,,,,,,,,,,,,,,,,,,,,
280217,,10,15,6,StHs6/80-G,10,63.97366,0.29455026,0.46,0.72509,0.045190325,6.23,17.56403,0.1379482,0.79,,,4.3561,0.10431376,2.39,0.07396,0.04827447,65.27,1.9276,0.0376353,1.95,5.32022,0.10716732,2.01,4.50616,0.1424378,3.16,1.32537,0.03171418,2.39,0.12299,0.04017333,32.66,,,,99.90342,0.38205077,,,,,,,,,,,,,,,,,,,,,,,,,,,,,,,,,,,,,,,,,,,,,,,,,,,,,,,,,,,,,,,,,,,,,,,,,,,,,,
290918,,10,15,6,GOR132-G,18,46.07861111,0.15937448,0.35,0.26736111,0.02386482,8.93,9.96153889,0.137951,1.38,,,9.57914444,0.13224015,1.38,0.15537778,0.05778638,37.19,25.70447222,0.19761551,0.77,6.09675556,0.04941403,0.81,0.56537778,0.05893716,10.42,0.03966667,0.01395737,35.19,0.03043333,0.0157065,51.61,,,,98.48314444,0.3020738,,,,,,,,,,,,,,,,,,,,,,,,,,,,,,,,,,,,,,,,,,,,,,,,,,,,,,,,,,,,,,,,,,,,,,,,,,,,,,
290918,,10,15,6,KL2-G,18,50.24274444,0.19496759,0.39,2.62447222,0.07495198,2.86,13.48758889,0.11813921,0.88,,,10.70610556,0.21975283,2.05,0.13715,0.05568557,40.6,7.27065,0.08606038,1.18,10.8139,0.08942339,0.83,2.23963333,0.09454765,4.22,0.48436111,0.02693277,5.56,0.2823,0.02674223,9.47,,,,98.29641667,0.46899128,,,,,,,,,,,,,,,,,,,,,,,,,,,,,,,,,,,,,,,,,,,,,,,,,,,,,,,,,,,,,,,,,,,,,,,,,,,,,,
290918,,10,15,6,StHs6/80-G,18,63.18069444,0.40732558,0.64,0.70338889,0.03019154,4.29,17.73672778,0.24195583,1.36,,,4.32233889,0.11184587,2.59,0.06431667,0.03959833,61.57,1.94659444,0.05448667,2.8,5.1803,0.07181341,1.39,4.69236667,0.1792205,3.82,1.30993889,0.04412421,3.37,0.12468889,0.02813032,22.56,,,,99.26861667,0.3707132,,,,,,,,,,,,,,,,,,,,,,,,,,,,,,,,,,,,,,,,,,,,,,,,,,,,,,,,,,,,,,,,,,,,,,,,,,,,,,
16-abr-13,,20-Oct,15,8,ATHO-G,84,75.6,0.45,0.6,0.24,0.02,9.6,12.2,0.1,0.82,,,3.29,0.12,3.76,0.11,0.02,19.46,0.09,0.01,13.87,1.7,0.1,5.66,3.75,0.17,4.45,2.64,0.06,2.41,,,,,,,99.66,0.55,,,,,,,,,,,,,,,,,,,,,,,,,,,,,,,,,,,,,,,,,,,,,,,,,,,,,,,,,,,,,,,,,,,,,,,,,,,,,,
19-Abr-13,,20-Oct,15,8,ATHO-G,77,75.61,0.54,0.71,0.24,0.02,9.16,12.2,0.12,0.97,,,3.27,0.12,3.79,0.11,0.02,20.46,0.09,0.01,12.03,1.7,0.04,2.34,3.73,0.23,6.21,2.64,0.07,2.7,,,,,,,99.63,0.66,,,,,,,,,,,,,,,,,,,,,,,,,,,,,,,,,,,,,,,,,,,,,,,,,,,,,,,,,,,,,,,,,,,,,,,,,,,,,,
21-10-2010,wastegard,5,15,2,BHVO-2G,3,50.1087,0.50510828,1.01,2.7771,0.01626745,0.59,13.57316667,0.07344367,0.54,,,11.16,0.16,1.44,0.17273333,0.01,8.24,7.23796667,0.1,1.37,11.4889,0.14,1.21,2.269,0.07,2.91,0.52526667,0.02,3.6,0.24986667,0.01,4.1,,,,99.56583333,0.63,,,,,,,,,,,,,,,,,,,,,,,,,,,,,,,,,,,,,,,,,,,,,,,,,,,,,,,,,,,,,,,,,,,,,,,,,,,,,,
21-10-2010,,5,15,2,Lipari,3,74.7718,1.14936266,1.54,0.07686667,0.0037421,4.87,12.99,0.04290657,0.33,,,1.55886667,0.01155783,0.74,0.0673,0.01518519,22.56,0.03,0.00850706,27.09,0.7414,0.01299885,1.75,4.1661,0.03721062,0.89,5.07,0.14258213,2.81,0.0038,0.00506853,133.38,,,,,,,,,,,,,,,,,,,,,,,,,,,,,,,,,,,,,,,,,,,,,,,,,,,,,,,,,,,,,,,,,,,,,,,,,,,,,,,,,,,
23-Ago-12,,20-Oct,15,8,ATHO-G,24,75.57,0.41,0.55,0.23,0.02,6.47,12.2,0.15,1.27,,,3.27,0.13,4.12,0.09,0.01,12.55,0.11,0.02,19.69,1.7,0.02,1.24,3.75,0.12,3.12,2.64,0.04,1.39,,,,,,,99.49,0.59,,,,,,,,,,,,,,,,,,,,,,,,,,,,,,,,,,,,,,,,,,,,,,,,,,,,,,,,,,,,,,,,,,,,,,,,,,,,,,
23-Ago-12,,20-Oct,15,8,VG-568,22,76.98,0.54,0.71,0.07,0.01,20,12.17,0.12,0.96,,,1.08,0.1,8.82,0.03,0.01,40.23,0.04,0.02,57.12,0.45,0.02,5.21,3.52,0.16,4.51,4.93,0.05,0.92,,,,,,,100.97,0.74,,,,,,,,,,,,,,,,,,,,,,,,,,,,,,,,,,,,,,,,,,,,,,,,,,,,,,,,,,,,,,,,,,,,,,,,,,,,,,
"25th August, 2013",alloway2015,20-Oct,15,8,VG-568,46,76.96,0.61,0.79,0.05,0.02,40,12.17,0.1,0.82,,,1.08,0.2,18.52,0.01,0.01,100,0.02,0.02,100,0.45,0.05,11.11,3.52,0.23,6.53,4.93,0.12,2.43,,,,,,,99.19,,,,,,,,,,,,,,,,,,,,,,,,,,,,,,,,,,,,,,,,,,,,,,,,,,,,,,,,,,,,,,,,,,,,,,,,,,,,,,,
28-11-2009,,5,15,2,BHVO-2G,9,49.89232222,0.47162006,0.95,2.77568889,0.00575596,0.21,13.47332222,0.14565002,1.08,,,10.88747778,0.31372528,2.88,0.1714,0.00834221,4.87,7.23668889,0.12356491,1.71,11.26426667,0.11505127,1.02,2.2582,0.08938133,3.96,0.50817778,0.02321281,4.57,0.26316667,0.00913304,3.47,,,,,,,,,,,,,,,,,,,,,,,,,,,,,,,,,,,,,,,,,,,,,,,,,,,,,,,,,,,,,,,,,,,,,,,,,,,,,,,,,,,
28-11-2009,,5,15,2,Lipari,3,73.981,0.61983957,0.84,0.0778,0.00223383,2.87,12.8616,0.09407109,0.73,,,1.49833333,0.10764545,7.18,0.0724,0.00672012,9.28,0.0389,0.00696563,17.91,0.73616667,0.01069268,1.45,4.0973,0.04737288,1.16,5.1064,0.14818303,2.9,0.00586667,0.00196554,33.5,,,,,,,,,,,,,,,,,,,,,,,,,,,,,,,,,,,,,,,,,,,,,,,,,,,,,,,,,,,,,,,,,,,,,,,,,,,,,,,,,,,
28-Jun-1-10,,20-Oct,15,8,VG-568,14,76.95648975,0.48528183,0.63,0.0696,0.01373722,19.74,12.1698684,0.07171532,0.59,,,1.08278789,0.08250114,7.62,0.0339,0.01008244,29.74,0.0288,0.01741519,60.47,0.45328604,0.01934532,4.27,3.51731609,0.04083558,1.16,4.93067837,0.02361576,0.48,,,,,,,99.24,0.58,,,,,,,,,,,,,,,,,,,,,,,,,,,,,,,,,,,,,,,,,,,,,,,,,,,,,,,,,,,,,,,,,,,,,,,,,,,,,,
28-Jun-2-10,,20-Oct,15,8,VG-568,50,76.96,0.23,0.3,0.06,0.01,17.79,12.2,0.09,0.72,,,1.08,0.05,4.42,0.03,0.02,59.73,0.03,0.01,33.61,0.45,0.03,5.79,3.52,0.13,3.8,4.93,0.04,0.81,,,,,,,99.25,0.28,,,,,,,,,,,,,,,,,,,,,,,,,,,,,,,,,,,,,,,,,,,,,,,,,,,,,,,,,,,,,,,,,,,,,,,,,,,,,,
AllowayMay2014,,20,15,8,ATHO-G,36,,,,,,,,,,,,,,,,,,,,,,,,,,,,,,,,,,,,,,65.1,3.45,5.2995,94.6,5.16,5.4545,99.6,4.72,4.739,524,28.04,5.3511,62.9,2.29,3.6407,1.01,0.13,12.8713,529,22.56,4.2647,54.7,2.56,4.6801,118,7.8,6.6102,14.1,0.73,5.1773,59.6,4,6.7114,14.1,1.3,9.2199,2.69,0.3,11.1524,15.7,1.36,8.6624,2.62,0.27,10.3053,16.3,1.18,7.2393,3.69,0.27,7.3171,11.1,1.19,10.7207,1.58,0.15,9.4937,10.6,0.9,8.4906,1.55,0.19,12.2581,14.1,1.06,7.5177,4.02,0.23,5.7214,6.22,1.51,24.2765,7.31,0.47,6.4295,2.38,0.2,8.4034
AllowaySOLICPMS2015,,,,,BCR-2,Not reported,54.05,,,2.26,,,13.53,,,,,13.84,,,0.18,,,3.68,,,7.15,,,3.15,,,1.82,,,0.38,,,,,,100.11,,,,,,,,,,,,,,,,,,,,,,,,,,,,,,,,,,,,,,,,,,,,,,,,,,,,,,,,,,,,,,,,,,,,,,,,,,,,,,,
AllowaySOLICPMS2015,,,,,BCR-2,Not reported,,,,,,,,,,,,,,,,,,,,,,,,,,,,,,,,,,,,,,45.8,,,326,,,35,,,174,,,11.6,,,1.15,,,668,,,24.5,,,50.5,,,6.71,,,28.5,,,6.5,,,2,,,6.85,,,1.03,,,6.36,,,1.28,,,3.61,,,0.51,,,3.3,,,0.48,,,4.56,,,0.74,,,12.9,,,5.64,,,1.48,,
AllowaySOLICPMS2015,,,,,BCR-2,Not reported,,,,,,,,,,,,,,,,,,,,,,,,,,,,,,,,,,,,,,46.5,,,340,,,35.6,,,178,,,11.9,,,1.14,,,684,,,24.9,,,51.1,,,6.78,,,28.8,,,6.47,,,1.99,,,6.78,,,1.03,,,6.35,,,1.28,,,3.58,,,0.52,,,3.31,,,0.48,,,4.55,,,0.75,,,13.2,,,5.47,,,1.51,,
AllowaySOLICPMS2015,,,,,BHVO-2,Not reported,49.76,,,2.74,,,13.6,,,,,12.44,,,0.16,,,7.4,,,11.51,,,2.2,,,0.52,,,0.31,,,,,,100.21,,,,,,,,,,,,,,,,,,,,,,,,,,,,,,,,,,,,,,,,,,,,,,,,,,,,,,,,,,,,,,,,,,,,,,,,,,,,,,,
Brahm2018,,,,,BIR-1,Not reported,47.54,,,0.983,,,15.8,,,11.31,,,,,0.17,,,9.46,,,13.45,,,1.79,,,0.02,,,0.03,,,,,,,,,,,109,,,13,,,15,,,,,,,,,9,,,,,,,,,,,,2.6,,,1.1,,,,,,,,,,,,,,,,,,,,,,,,1.6,,,,,,,,,,,,<5,,,,,,,,
Brahm2018,,,,,GBW 07113,Not reported,70.52,,,0.28,,,12.72,,,3.19,,,,,0.139,,,0.14,,,0.62,,,2.44,,,5.38,,,0.04,,,,,,,,,,,,,,,,,,,,,,,,,,,,,,,,,,,,,,,,,,,,,,,,,,,,,,,,,,,,,,,,,,,,,,,,,,,,,,,,,,,,,
Brahm2018,,,,,JR-1,Not reported,,,,,,,,,,,,,,,,,,,,,,,,,,,,,,,,,,,,,,251,,,,,,,,,,,,14,,,20.9,,,,,,20.7,,,50.7,,,5.86,,,23.4,,,5.8,,,0.28,,,5.5,,,1,,,6.2,,,,,,3.9,,,0.68,,,4.7,,,0.7,,,,,,1.8,,,22,,,27.5,,,8.8,,
Brahm2018,,,,,NCS DC70009 (GBW07241),Not reported,,,,,,,,,,,,,,,,,,,,,,,,,,,,,,,,,,,,,,501,,,,,,,,,,,,,,,42.7,,,,,,22.4,,,58.4,,,7.19,,,30.4,,,11.8,,,,,,14.2,,,3.3,,,20.5,,,4.3,,,12.5,,,2.28,,,15.3,,,,,,,,,,,,,,,27.5,,,,,
Brahm2018,,,,,NCS DC70014,Not reported,,,,,,,,,,,,,,,,,,,,,,,,,,,,,,,,,,,,,,,,,,,,,,,,,,,,,,,,,,,45,,,90.1,,,,,,36.9,,,7.5,,,1.66,,,6.8,,,1.1,,,6.3,,,1.2,,,3.2,,,,,,3.3,,,0.47,,,,,,,,,> 10000,,,,,,,,
Brahm2018,,,,,NIST SRM 694,Not reported,11.32,,,0.119,,,1.91,,,0.76,,,,,0.013,,,0.33,,,42.55,,,0.87,,,0.55,,,30.17,,,,,,,,,,,,,,,,,,,,,,,,,,,,,,,,,,,,,,,,,,,,,,,,,,,,,,,,,,,,,,,,,,,,,,,,,,,,,,,,,,,,,
Brahm2018,,,,,W-2,Not reported,52.48,,,1.061,,,15.18,,,10.7,,,,,0.165,,,6.26,,,11.13,,,2.21,,,0.62,,,0.15,,,,,,,,,,,190,,,20,,,86,,,,,,0.8,,,175,,,10.4,,,23.5,,,,,,12.1,,,3.1,,,1.03,,,,,,0.6,,,3.6,,,0.8,,,,,,,,,1.9,,,,,,,,,0.5,,,,,,2.4,,,0.5,,
Carel2011,,5,15,10,BCR-2G,47,,,,,,,,,,,,,,,,,,,,,,,,,,,,,,,,,,,,,,51.68,1.52,2.9412,333.05,6.59,1.9787,30.18,1.16,3.8436,163.49,6.2,3.7923,12.35,0.32,2.5911,,,,689.13,18.06,2.6207,23.81,0.68,2.8559,53.02,1.29,2.433,6.37,0.18,2.8257,27.44,0.93,3.3892,6.27,0.34,5.4226,1.84,0.1,5.4348,5.85,0.39,6.6667,0.89,0.05,5.618,5.8,0.29,5,1.15,0.07,6.087,3.28,0.18,5.4878,,,,3.08,0.19,6.1688,0.44,0.04,9.0909,4.17,0.26,6.235,0.74,0.05,6.7568,11.28,0.49,4.344,5.4,0.21,3.8889,1.76,0.08,4.5455
Carel2011Dec,,5,15,10,ATHO-G,17,75.05,0.54,0.72,0.25,0.02,8,12.16,0.14,1.15,,,3.01,0.15,4.98,0.07,0.06,85.71,0.09,0.01,11.11,1.67,0.04,2.4,4.26,0.16,3.76,2.74,0.03,1.09,0.02,0.02,100,,,,99.2,0.62797059,,,,,,,,,,,,,,,,,,,,,,,,,,,,,,,,,,,,,,,,,,,,,,,,,,,,,,,,,,,,,,,,,,,,,,,,,,,,,,
Carel2011Sept,,5,15,10,ATHO-G,8,75.23,0.27,0.36,0.23,0.02,8.7,12.3,0.17,1.38,,,2.98,0.11,3.69,0.12,0.09,75,0.08,0.01,12.5,1.68,0.02,1.19,4.3,0.09,2.09,2.74,0.04,1.46,0.02,0.02,100,,,,99.7,0.36455207,,,,,,,,,,,,,,,,,,,,,,,,,,,,,,,,,,,,,,,,,,,,,,,,,,,,,,,,,,,,,,,,,,,,,,,,,,,,,,
Carel2011Sept,,5,15,10,ATHO-G,10,50.91,0.23,0.45,4.14,0.06,1.45,12.46,0.1,0.8,,,13.05,0.35,2.68,0.19,0.11,57.89,5.08,0.1,1.97,9.17,0.08,0.87,2.72,0.12,4.41,0.85,0.04,4.71,0.46,0.05,10.87,,,,99.02,0.46361023,,,,,,,,,,,,,,,,,,,,,,,,,,,,,,,,,,,,,,,,,,,,,,,,,,,,,,,,,,,,,,,,,,,,,,,,,,,,,,
DelCarlo2018EMP,, 10/5,15, 10/8,CFA-47,2,61.76735,0.47369083,0.77,0.3656,0.0291328,7.97,18.2638,0.0940452,0.51,,,2.73515,0.09963135,3.64,0.3456,0.25540697,73.9,0.3721,0.07665038,20.6,1.8584,0.10479322,5.64,5.2505,0.12558216,2.39,8.12595,0.06257895,0.77,0.0206,0.0291328,141.42,,,,99.10505,,,,,,,,,,,,,,,,,,,,,,,,,,,,,,,,,,,,,,,,,,,,,,,,,,,,,,,,,,,,,,,,,,,,,,,,,,,,,,,
DelCarlo2018EMP,, 10/5,15, 10/8,Obsidian Astimex,2,74.82775,0.09043896,0.12,0.0673,0.06236682,92.67,13.03475,0.06130616,0.47,,,1.447,0.15740197,10.88,0.041,0.05798276,141.42,0.04185,0.01180868,28.22,0.7983,0.10436896,13.07,2.9555,1.37617122,46.56,5.0723,0.18695903,3.69,0.0091,0.01286934,141.42,,,,98.29485,,,,,,,,,,,,,,,,,,,,,,,,,,,,,,,,,,,,,,,,,,,,,,,,,,,,,,,,,,,,,,,,,,,,,,,,,,,,,,,
DelCarlo2018LAICPMS,3 Samples analyzed at 20 ?m and 5 at 15 ?m, 10/5,15, 10/8,BCR-2G,8,,,,,,,,,,,,,,,,,,,,,,,,,,,,,,,,,,,,,,47.7,0.8,1.6625,328,10,3.0909,32,1,3.5529,167,5,3.2388,10.1,0.3,2.5695,1.12,0.08,6.7998,629,16,2.4732,24.9,0.4,1.4172,49,1,2.4455,5.9,0.2,3.6452,27,1,4.2731,6.2,0.3,4.7297,2,0.1,6.2146,6.5,0.5,7.7467,1.01,0.07,6.6527,5.9,0.5,8.96,1.19,0.09,7.181,3.2,0.2,6.9935,0.47,0.05,10.2858,3,0.4,12.2885,0.45,0.03,6.5272,4.5,0.2,4.9351,0.69,0.04,5.0825,10.4,0.4,4.2408,5.5,0.2,3.714,1.69,0.09,5.3412
Geoffroy2018Major10um,"10um, 26/08/2015",10,15,8,ATHO-G,61,75.58,0.39,0.52,0.26,0.02,7.69,12.2,0.11,0.9,,,3.27,0.09,2.75,0.11,0.02,18.18,0.1,0.01,10,1.73,0.03,1.73,3.73,0.18,4.83,2.64,0.05,1.89,,,,,,,,,,,,,,,,,,,,,,,,,,,,,,,,,,,,,,,,,,,,,,,,,,,,,,,,,,,,,,,,,,,,,,,,,,,,,,,,,,,,,,
Geoffroy2018MajorSpot,"Spot, 01/10/2015",Spot,15,8,ATHO-G,13,75.58,0.26,0.34,0.26,0.01,3.85,12.19,0.12,0.98,,,3.27,0.09,2.75,0.11,0.02,18.18,0.1,0.01,10,1.7,0.03,1.76,3.75,0.24,6.4,2.64,0.09,3.41,,,,,,,,,,,,,,,,,,,,,,,,,,,,,,,,,,,,,,,,,,,,,,,,,,,,,,,,,,,,,,,,,,,,,,,,,,,,,,,,,,,,,,
Geoffroy2018Trace,"Marked as ""raw"".",20,,,ATHO-G,9,,,,,,,,,,,,,,,,,,,,,,,,,,,,,,,,,,,,,,62.80444444,1.05625649,1.6818,89.92222222,2.44937634,2.7239,83.07777778,2.25653372,1.6818,453.6555556,12.01104815,2.6476,55.61111111,1.0252371,1.8436,0.94988889,0.07117486,7.493,532.1,8.22024939,1.5449,51.36222222,0.84133492,1.638,115.1888889,3.05223051,2.6498,13.73,0.35598455,2.5927,55.87777778,1.655126716,2.962,12.90222222,0.520859333,4.037,2.543333333,0.058309519,2.2926,13.26111111,0.403002619,3.039,2.24,0.083815273,3.7418,14.83777778,0.588404151,3.9656,3.096666667,0.109658561,3.5412,9.30222222,0.244529026,2.6287,1.368444444,0.039118765,2.8586,9.566666667,0.374633154,3.916,1.392,0.08446153,6.0676,12.63888889,0.438960261,3.4731,3.29,0.171537168,5.2139,5.372222222,0.24938814,4.6422,6.832222222,0.208613145,3.0534,2.115555556,0.085456292,4.0394
Geoffroy2018Trace,"Marked as ""corrected"".",20,,,ATHO-G,9,,,,,,,,,,,,,,,,,,,,,,,,,,,,,,,,,,,,,,65.3,1.0982272,1.6818,94.1,2.56317413,2.7239,94.5,2.5667807,1.6818,512,13.55578385,2.6476,62.4,1.15039591,1.8436,1.08,0.08092405,7.493,547,8.45043491,1.5449,55.6,0.91075151,1.638,121,3.20621108,2.6498,14.6,0.37854147,2.5927,60.9,1.803887359,2.962,14.2,0.573250282,4.037,2.76,0.063276909,2.2926,15.3,0.464964061,3.039,2.51,0.093918007,3.7418,16.2,0.642424181,3.9656,3.43,0.121462497,3.5412,10.3,0.270757772,2.6287,1.52,0.043451178,2.8586,10.5,0.41118273,3.916,1.54,0.093441635,6.0676,13.7,0.475813628,3.4731,3.9,0.203341932,5.2139,5.67,0.263211516,4.6422,7.4,0.225949512,3.0534,2.37,0.095734386,4.0394
Geoffroy2018Trace,,20,,,NIST SRM 610,9,,,,,,,,,,,,,,,,,,,,,,,,,,,,,,,,,,,,,,423.5444444,3.03607934,0.7168,516.5777778,4.02361087,0.7789,459.3111111,6.81036791,0.7168,444.3444444,6.60607885,1.4867,471.3333333,3.6231892,0.7687,375.4,2.5009998,0.6662,456.6,3.21869539,0.7049,441.0555556,3.42348912,0.7762,456.6,4.69707356,1.0287,448.4333333,2.1691012,0.4837,433.7777778,5.507217487,1.2696,452.9555556,4.948260076,1.0924,448.4777778,4.045917009,0.9021,443.2777778,4.969350505,1.121,444.3666667,5.425403211,1.2209,433.6888889,6.875217168,1.5853,453.1555556,4.294214454,0.9476,450.2,5.209606511,1.1572,434.5333333,5.822370651,1.3399,464.1666667,7.749032198,1.6695,444.2333333,5.408558033,1.2175,428.6333333,5.526526938,1.2893,450.6777778,4.510204479,1.0008,427.0333333,3.445649431,0.8069,457.6444444,5.668137064,1.2385,462.1,4.248529157,0.9194
Geoffroy2018TracePBN,,20,,,ATHO-G,36,,,,,,,,,,,,,,,,,,,,,,,,,,,,,,,,,,,,,,65.1,3.5,5.3004,94.6,5.2,5.4534,99.6,4.7,4.7385,524,28,5.3487,62.9,2.3,3.6436,1.01,0.13,12.8713,529,23,4.2655,54.7,2.6,4.6809,118,8,6.5995,14.1,0.7,5.17,59.6,4,6.7148,14.1,1.3,9.2133,2.69,0.3,11.1524,15.7,1.4,8.6569,2.62,0.27,10.3053,16.3,1.2,7.226,3.69,0.27,7.3171,11.1,1.2,10.7014,1.58,0.15,9.4937,10.6,0.9,8.4986,1.55,0.19,12.2581,14.1,1.1,7.5018,4,0.2,5.7214,6.22,1.51,24.2765,7.3,0.5,6.4295,2.38,0.2,8.4034
Gerlach1989,,,,,BHVO-1,Not reported,,,,,,,,,,,,,,,,,,,,,,,,2.24,0.01,,,,,,,,,,,,,9,0.2,2.2222,390.2,2.9,0.7432,24.7,0.4,1.6194,181.9,2.4,1.3194,19.5,0.5,2.5641,,,,129,11,8.5271,15.4,0.1,0.6494,39.1,1.2,3.0691,,,,23.8,1.2,5.042,5.93,0.24,4.0472,2.11,0.03,1.4218,,,,0.95,0.07,7.3684,,,,,,,,,,,,,1.97,0.04,2.0305,0.28,0.01,3.5714,4.24,0.22,5.1887,1.12,0.04,3.5714,4.6,1.1,23.913,0.92,0.06,6.5217,,,
Jacques2014,In the publication the specific BHVO is not explicited!,,,,BHVO-2,Not reported,49.95,,,2.76,,,13.63,,,,,12.25,,,0.17,,,7.41,,,11.46,,,2.31,,,0.51,,,0.26,,,,,,100.71,,8.58,,,390,,,25.1,,,172,,,17.4,,,0.092,,,128,,,15.3,,,37.8,,,5.32,,,24.5,,,6.1,,,2.07,,,6.23,,,0.935,,,5.32,,,0.978,,,2.42,,,0.323,,,1.97,,,0.272,,,4.31,,,1.14,,,1.71,,,1.13,,,0.41,,
Jacques2014,,,,,JA-2,Not reported,56.23,,,0.67,,,15.47,,,,,6.39,,,0.11,,,8,,,6.27,,,3.12,,,1.76,,,0.15,,,,,,98.17,,67,,,245,,,16.2,,,108,,,8.44,,,4.54,,,297,,,15.4,,,32.2,,,3.61,,,14,,,3.02,,,0.869,,,3.04,,,0.478,,,2.89,,,0.593,,,1.64,,,0.244,,,1.63,,,0.244,,,2.69,,,0.623,,,18.8,,,4.67,,,2.1,,
Morgado2019,In the original publication a run date or identification is not provided so here one is provided,,,,OREAS184,,42.1,,,0.06,,,4.57,,,39.9,,,,,0.67,,,3.07,,,0.22,,,<0.01,,,<0.01,,,0.02,,,,,,,,,,,<0.002,,,,,,,,,,,,,,,0.02,,,,,,,,,,,,,,,,,,,,,,,,,,,,,,,,,,,,,,,,,,,,,,,,,,,,,,,,,,,
Morgado2019,In the original publication a run date or identification is not provided so here one is provided,,,,OREAS700,,,,,,,,,,,,,11.88,,,,,,,,,,,,,,,,,,,,,,,,,,,,,,,,,,,,,,,,,,,,,,,,,,,,,,,,,,,,,,,,,,,,,,,,,,,,,,,,,,,,,,,,,,,,,,,,,,,,,,,
Morgado2019,"In the original publication a run date or identification is not provided so here one is provided. This was marked SY-4 (D), I gues it means ""duplicate"".",,,,SY-4,,49.9,,,0.3,,,20.8,,,,,,,,0.1,,,0.54,,,8.03,,,7.1,,,1.66,,,0.15,,,,,,,,,,,,,,,,,,,,,,,,,,,,,,,,,,,,,,,,,,,,,,,,,,,,,,,,,,,,,,,,,,,,,,,,,,,,,,,,,,,,,
Morgado2019,In the original publication a run date or identification is not provided so here one is provided,,,,SY-4,,,,,,,,,,,,,2.93,,,,,,,,,,,,,,,,,,,,,,,,,,,,,,,,,,,,,,,,,,,,,,,,,,,,,,,,,,,,,,,,,,,,,,,,,,,,,,,,,,,,,,,,,,,,,,,,,,,,,,,
60912,,10,15,6,ATHO-G,5,74.93156,1.09501804,1.46,0.243,0.03460455,14.24,12.10698,0.15265539,1.26,,,3.3847,0.100317,2.96,0.11096,0.04795689,43.22,0.08756,0.01341782,15.32,1.71106,0.0196206,1.15,4.22804,0.09802738,2.32,2.70824,0.04819526,1.78,0.03138,0.01087345,34.65,,,,99.54348,1.19173073,,,,,,,,,,,,,,,,,,,,,,,,,,,,,,,,,,,,,,,,,,,,,,,,,,,,,,,,,,,,,,,,,,,,,,,,,,,,,,
60912,,10,15,6,KL2-G,4,50.74295,0.31864807,0.63,2.60455,0.01332529,0.51,13.360825,0.0880052,0.66,,,10.948925,0.1113896,1.02,0.16335,0.04686381,28.69,7.231975,0.12209481,1.69,11.00225,0.0962305,0.87,2.33645,0.08126051,3.48,0.477675,0.02618312,5.48,0.2581,0.04168597,16.15,,,,99.12705,0.22519154,,,,,,,,,,,,,,,,,,,,,,,,,,,,,,,,,,,,,,,,,,,,,,,,,,,,,,,,,,,,,,,,,,,,,,,,,,,,,,
60912,,10,15,6,ML3B-G,6,51.20798333,0.78964839,1.54,2.1105,0.03144258,1.49,13.68031667,0.14384628,1.05,,,11.056,0.19606398,1.77,0.1377,0.03426549,24.88,6.49841667,0.04309058,0.66,10.40503333,0.03884068,0.37,2.37536667,0.09993515,4.21,0.38381667,0.01153211,3,0.2342,0.0228432,9.75,,,,98.08933333,0.90983623,,,,,,,,,,,,,,,,,,,,,,,,,,,,,,,,,,,,,,,,,,,,,,,,,,,,,,,,,,,,,,,,,,,,,,,,,,,,,,
60912,,10,15,6,StHs6/80-G,5,64.39816,0.95612584,1.48,0.69698,0.0396088,5.68,17.51756,0.14684869,0.84,,,4.46484,0.13253991,2.97,0.1248,0.03483655,27.91,1.92556,0.02561148,1.33,5.22094,0.07038962,1.35,4.56634,0.10850538,2.38,1.32674,0.04437998,3.35,0.06618,0.01852342,27.99,,,,100.3081,1.24879996,,,,,,,,,,,,,,,,,,,,,,,,,,,,,,,,,,,,,,,,,,,,,,,,,,,,,,,,,,,,,,,,,,,,,,,,,,,,,,
70912,,10,15,6,ATHO-G,8,75.246425,0.29533485,0.39,0.2439625,0.02601527,10.66,12.24655,0.12302982,1,,,3.2211,0.14064692,4.37,0.1039875,0.03981753,38.29,0.1007125,0.01433262,14.23,1.701275,0.03805551,2.24,4.1365125,0.07148613,1.73,2.7321,0.05157738,1.89,0.02255,0.01189862,52.77,,,,99.755175,0.3806157,,,,,,,,,,,,,,,,,,,,,,,,,,,,,,,,,,,,,,,,,,,,,,,,,,,,,,,,,,,,,,,,,,,,,,,,,,,,,,
70912,,10,15,6,KL2-G,7,50.55421429,0.34281484,0.68,2.58921429,0.03214449,1.24,13.44757143,0.11001089,0.82,,,10.88328571,0.13377811,1.23,0.16962857,0.05600053,33.01,7.27492857,0.10571512,1.45,10.90871429,0.0796851,0.73,2.23698571,0.08492662,3.8,0.49858571,0.01707576,3.42,0.22942857,0.03548914,15.47,,,,98.79255714,0.38581315,,,,,,,,,,,,,,,,,,,,,,,,,,,,,,,,,,,,,,,,,,,,,,,,,,,,,,,,,,,,,,,,,,,,,,,,,,,,,,
70912,,10,15,6,ML3B-G,8,51.8667125,0.17510367,0.34,2.1021875,0.07387504,3.51,13.9031875,0.09055746,0.65,,,11.0263125,0.1094378,0.99,0.1844625,0.02814071,15.26,6.5196375,0.04229441,0.65,10.458025,0.15804124,1.51,2.308875,0.09022134,3.91,0.3999125,0.02621965,6.56,0.193025,0.01308814,6.78,,,,98.9623375,0.37767218,,,,,,,,,,,,,,,,,,,,,,,,,,,,,,,,,,,,,,,,,,,,,,,,,,,,,,,,,,,,,,,,,,,,,,,,,,,,,,
70912,,10,15,6,StHs6/80-G,8,63.6929,0.33947582,0.53,0.692175,0.03820231,5.52,17.7154625,0.08801831,0.5,,,4.3754,0.07333625,1.68,0.096375,0.02874338,29.82,1.9538875,0.05528132,2.83,5.260275,0.11615274,2.21,4.6795875,0.13922585,2.98,1.3224125,0.04788523,3.62,0.1333,0.02852247,21.4,,,,99.921775,0.47712625,,,,,,,,,,,,,,,,,,,,,,,,,,,,,,,,,,,,,,,,,,,,,,,,,,,,,,,,,,,,,,,,,,,,,,,,,,,,,,
Rawson2016,,,,,AGV-2,Not reported,60.09,,,1.05,,,17.22,,,6.79,,,,,0.1,,,1.79,,,5.17,,,4.37,,,2.95,,,0.48,,,,,,100,,74.51,,,746.29,,,20.03,,,252.81,,,14.42,,,1.31,,,Over range,,,44.99,,,76.81,,,9.37,,,34.35,,,6.49,,,1.74,,,5.01,,,0.69,,,4.09,,,0.76,,,2.06,,,0.3,,,1.86,,,0.27,,,5.98,,,0.9,,,16.03,,,7.87,,,2.44,,
Rawson2016,,,,,BHVO-2,Not reported,49.53,,,2.75,,,13.48,,,12.39,,,,,0.17,,,7.33,,,11.3,,,2.28,,,0.51,,,0.26,,,,,,100,,9.79,,,443.17,,,26.38,,,181.23,,,18.81,,,0.11,,,149.7,,,17.62,,,41.16,,,6.15,,,29.44,,,6.98,,,2.39,,,7.29,,,1.05,,,6.32,,,1.15,,,3.11,,,0.39,,,2.31,,,0.31,,,5.1,,,1.23,,,1.79,,,1.45,,,0.5,,
RUN1 June 2011,,5,15, 6/10,Lipari,14,74.37642857,0.48740454,0.66,0.07642857,0.01392681,18.22,13.06714286,0.12627373,0.97,,,1.55857143,0.11312737,7.26,0.06642857,0.03272429,49.26,0.03,0.01519109,50.64,0.74428571,0.02310987,3.1,4.05357143,0.08889122,2.19,5.09357143,0.0307864,0.6,0.00714286,0.00913874,127.94,,,,99.07214286,,,,,,,,,,,,,,,,,,,,,,,,,,,,,,,,,,,,,,,,,,,,,,,,,,,,,,,,,,,,,,,,,,,,,,,,,,,,,,,
RUN1 June 2011,,5,15, 6/10,VG-2,14,50.87428571,0.216784696,0.43,1.850714286,0.031735514,1.71,13.87857143,0.144374361,1.04,,,11.88214286,0.225871937,1.9,0.184285714,0.047184464,25.6,6.907857143,0.074232335,1.07,11.365,0.101052157,0.89,2.648571429,0.04571772,1.73,0.197857143,0.010509023,5.31,0.182142857,0.039648178,21.77,,,,99.96857143,,,,,,,,,,,,,,,,,,,,,,,,,,,,,,,,,,,,,,,,,,,,,,,,,,,,,,,,,,,,,,,,,,,,,,,,,,,,,,,
RUN2 June 2011,,5,15, 6/10,Lipari,10,73.49,0.53,0.72,0.09,0.02,19.24,13.02,0.1,0.8,,,1.56,0.08,5.22,0.05,0.03,54.65,0.04,0.02,64.29,0.75,0.02,3.18,4.05,0.23,5.65,5.04,0.05,0.92,0,0.01,206.17,,,,98.09,,,,,,,,,,,,,,,,,,,,,,,,,,,,,,,,,,,,,,,,,,,,,,,,,,,,,,,,,,,,,,,,,,,,,,,,,,,,,,,
RUN2 June 2011,,5,15, 6/10,VG-2,10,50.164,0.32,0.64,1.879,0.02,1.05,13.721,0.08,0.57,,,11.901,0.32,2.72,0.2119,0.04,16.63,6.912,0.06,0.88,11.227,0.05,0.42,2.659,0.1,3.89,0.18812,0.01,3.14,0.17793,0.03,14.66,,,,99.04,,,,,,,,,,,,,,,,,,,,,,,,,,,,,,,,,,,,,,,,,,,,,,,,,,,,,,,,,,,,,,,,,,,,,,,,,,,,,,,
RUN3 June 2011,,5,15, 6/10,Lipari,26,74.98,0.28,0.37,0.08,0.02,20.51,13.13,0.11,0.84,,,1.52,0.16,10.54,0.06,0.03,49.67,0.02,0.01,55.31,0.75,0.03,4.47,4.07,0.14,3.48,5.15,0.04,0.81,0.01,0.01,127.58,,,,99.79,,,,,,,,,,,,,,,,,,,,,,,,,,,,,,,,,,,,,,,,,,,,,,,,,,,,,,,,,,,,,,,,,,,,,,,,,,,,,,,
RUN3 June 2011,,5,15, 6/10,VG-2,26,51.3,0.29825854,0.58,1.86,0.02562451,1.37,13.93,0.11665399,0.84,,,11.98,0.29310434,2.45,0.18,0.03323386,18.25,6.950384615,0.08590603,1.24,11.43346154,0.05306165,0.46,2.72,0.08313844,3.06,0.195219231,0.0119728,6.13,0.186938462,0.02643047,14.14,,,,100.7438654,,,,,,,,,,,,,,,,,,,,,,,,,,,,,,,,,,,,,,,,,,,,,,,,,,,,,,,,,,,,,,,,,,,,,,,,,,,,,,,
WellerEMP,, 5-10,15,20,VG A-99,Not reported,50.94,,,4.06,,,12.49,,,,,13.31,,,0.15,,,5.08,,,9.3,,,2.66,,,0.82,,,0.38,,,,,,99.19,,,,,,,,,,,,,,,,,,,,,,,,,,,,,,,,,,,,,,,,,,,,,,,,,,,,,,,,,,,,,,,,,,,,,,,,,,,,,,,
WellerEMP,, 5-10,15,20,VG-568,Not reported,76.71,,,0.12,,,12.06,,,,,1.24,,,0.03,,,0.1,,,0.5,,,3.75,,,4.89,,,<0.01,,,,,,99.4,,,,,,,,,,,,,,,,,,,,,,,,,,,,,,,,,,,,,,,,,,,,,,,,,,,,,,,,,,,,,,,,,,,,,,,,,,,,,,,
WellerICPMS,,,,,BHVO-1,Not reported,,,,,,,,,,,,,,,,,,,,,,,,,,,,,,,,,,,,,,11,,,408,,,26,,,175,,,20,,,0.1,,,136,,,15.2,,,38.7,,,5.6,,,27.1,,,6.33,,,2.08,,,6.88,,,0.99,,,5.12,,,0.97,,,2.72,,,0.34,,,2.02,,,0.27,,,5.2,,,,,,3.7,,,1.6,,,0.3,,
WellerICPMS,,,,,NIST SRM 2711,,,,,,,,,,,,,,,,,,,,,,,,,,,,,,,,,,,,,,,112,,,282,,,27,,,221,,,18,,,6.4,,,729,,,37.9,,,74.8,,,7.31,,,29.4,,,7.5,,,1.05,,,5.39,,,0.75,,,4.28,,,0.92,,,2.52,,,0.43,,,2.25,,,0.4,,,2.3,,,,,,1210,,,13.3,,,3.1,,
